0.0,0.0,0.0,0.0,0.0,0.0,0.0,0.0,0.0,0.0,0.0,0.0,0.0,0.0,0.0,0.0,0.0,0.0,0.0,0.0,0.0,0.0,0.0,0.0,0.0,0.0,0.0,0.0,0.0,0.0,0.0,0.0,0.0,0.0,0.0,0.0,0.0,0.0,0.0,0.0,0.0,0.0,0.0,0.0,0.0,0.0,0.0,0.0,0.0,0.0,0.0,0.0,0.0,0.0,0.0,0.0,0.0,0.0,0.0,0.0,0.0,0.0,0.0,0.0,0.0,0.0
0.0,-0.00010795589294913039,-2.7304545298928307e-5,-1.2672399169593416e-5,-7.0753923358908846e-6,-4.227866622198132e-6,-2.59057439882391e-6,-1.5895039104372797e-6,-9.607242661993046e-7,-5.642160274178656e-7,-3.174101713163089e-7,-1.6787942280528538e-7,-8.087439780258224e-8,-3.3021814771576814e-8,-8.732441271200625e-9,2.1171857428750373e-9,5.772748581973425e-9,6.023222456935515e-9,4.9295205158872125e-9,3.529424193396877e-9,2.273954743874028e-9,1.305558890383904e-9,6.234264546241399e-10,1.7357515388245626e-10,-1.0706181650554053e-10,-2.7301426155420896e-10,-3.651862174196544e-10,-4.12141675536442e-10,-4.3237686751127294e-10,-4.3729632237511887e-10,-4.3362709811920515e-10,-4.252755770015561e-10,-4.1438070232732827e-10,-4.020017734711004e-10,-3.8854027026855215e-10,-3.739659065529035e-10,-3.5790880578637565e-10,-3.3965830399124734e-10,-3.180984883876195e-10,-2.916005774515155e-10,-2.578584554857131e-10,-2.1361504461151027e-10,-1.5421554949516887e-10,-7.317290710437341e-11,3.8848448446481136e-11,1.9485460824621592e-10,4.130915279042435e-10,7.189324281391056e-10,1.1477164696546724e-9,1.7486282078842876e-9,2.59013005729169e-9,3.767676236035228e-9,5.414827170077424e-9,7.719514305548352e-9,1.0948121477608261e-8,1.5481217594287032e-8,2.1866022440418655e-8,3.0891973432181876e-8,4.3698796934161285e-8,6.194073796900401e-8,8.809437801624309e-8,1.2626516529827142e-7,1.8510445140663046e-7,2.9400091020769325e-7,7.029786108744689e-7,0.0
0.0,-0.00017574454816289783,-6.417887857371052e-5,-3.100987158637077e-5,-1.7423556252365118e-5,-1.0439121405226795e-5,-6.406304233075646e-6,-3.934921152013454e-6,-2.380369509043055e-6,-1.3990148390988898e-6,-7.8760015672868e-7,-4.168143728933789e-7,-2.008359740516474e-7,-8.188286077473182e-8,-2.1383570784671708e-8,5.730287094744193e-9,1.494905323840604e-8,1.5667662179340344e-8,1.301033810573664e-8,9.563484783334602e-9,6.455853282600498e-9,4.048211130629973e-9,2.3436227074650873e-9,1.211407663777969e-9,4.967752597026764e-10,6.610234227865996e-11,-1.8184022891082332e-10,-3.1769676298064834e-10,-3.872406521238768e-10,-4.18750069574558e-10,-4.289143966652871e-10,-4.274341431544857e-10,-4.196274558459247e-10,-4.0812969614671283e-10,-3.9393833312263803e-10,-3.7697405945819844e-10,-3.563102444937771e-10,-3.3017062961953727e-10,-2.9576939795987515e-10,-2.490441821280462e-10,-1.8424925122977348e-10,-9.326677653609832e-11,3.549682829794434e-11,2.1820757237454132e-10,4.779471819834268e-10,8.473364397267278e-10,1.371708701481262e-9,2.1141951082918835e-9,3.1627374351976296e-9,4.639716036286037e-9,6.715453622035765e-9,9.627381772936088e-9,1.3707638454421602e-8,1.9423416036818783e-8,2.7436621478313346e-8,3.8692250156353163e-8,5.4547865156457963e-8,7.695958977927079e-8,1.0874720439378717e-7,1.5399525852317147e-7,2.1880100500941024e-7,3.132213221397642e-7,4.5819288717733836e-7,7.191098062319587e-7,1.4156800983466479e-6,0.0
0.0,-0.00021607895050888468,-0.00010212191151240449,-5.280404619635688e-5,-3.027303751778996e-5,-1.829663570331354e-5,-1.1283455198112744e-5,-6.95374094694869e-6,-4.217967200366121e-6,-2.4855004769450145e-6,-1.4033680214911594e-6,-7.455296852951671e-7,-3.6131926178111793e-7,-1.489908080419715e-7,-4.046632041154055e-8,8.59401700799372e-9,2.567727386748806e-8,2.744879839733565e-8,2.3057178017138907e-8,1.7141132042730824e-8,1.1743490689585443e-8,7.534309167027807e-9,4.53985014937992e-9,2.541890798747728e-9,1.2742233318806174e-9,5.044791959895386e-10,5.595411397109881e-11,-1.9442528631228844e-10,-3.2773127782712596e-10,-3.938016504586937e-10,-4.2204686493017024e-10,-4.295883708453169e-10,-4.2583096930540935e-10,-4.15436995084094e-10,-4.001614104140135e-10,-3.7983786787065453e-10,-3.527801661791221e-10,-3.1577335380847816e-10,-2.6378335395377953e-10,-1.8947838626706574e-10,-8.250444528811169e-11,7.178208102764483e-11,2.939481962524066e-10,6.135958907535606e-10,1.0722264373510217e-9,1.7284164457722896e-9,2.663722891873078e-9,3.991704943818248e-9,5.870489394886288e-9,8.520049862856157e-9,1.224641908776084e-8,1.7476009122313874e-8,2.4804933058865674e-8,3.5070911561273066e-8,4.9459186985376e-8,6.965862928942746e-8,9.808900801802616e-8,1.3822478520320574e-7,1.9505135134339824e-7,2.757438352810392e-7,3.9090437676594445e-7,5.576891015539336e-7,8.102812514896673e-7,1.2419597894256434e-6,2.1438416259436636e-6,0.0
0.0,-0.0002377174854559224,-0.00013663869838363664,-7.598708152149245e-5,-4.478420321606481e-5,-2.7416343572892443e-5,-1.7030521920725813e-5,-1.0546677198016625e-5,-6.422079590179576e-6,-3.798061516488138e-6,-2.1531028493886846e-6,-1.1497859874865494e-6,-5.617062509265687e-7,-2.3527482928767024e-7,-6.737330024203188e-8,9.361842412879464e-9,3.686763843734649e-8,4.056260430459649e-8,3.4514716407012345e-8,2.5898303093014662e-8,1.7908499073887717e-8,1.1626175002998097e-8,7.132190995327878e-9,4.1204038827668925e-9,2.2013434241951194e-9,1.0300620969581493e-9,3.427032741414528e-10,-4.4935072362830265e-11,-2.5465562701213553e-10,-3.624077903595455e-10,-4.1260610093083863e-10,-4.3115628468261006e-10,-4.3232430628654054e-10,-4.2318300651023165e-10,-4.063717816927331e-10,-3.8157933111658025e-10,-3.461422716523276e-10,-2.9501898895679386e-10,-2.2032983723930426e-10,-1.1062094657449089e-10,5.0237340887659886e-11,2.847216658782006e-10,6.253870743633626e-10,1.1183723004768728e-9,1.8283579705797018e-9,2.8463718798808852e-9,4.299324079525429e-9,6.363887736572425e-9,9.285946997077939e-9,1.3407395616364932e-8,1.9203638586772236e-8,2.7336651685819347e-8,3.873102791787761e-8,5.4684413136258e-8,7.702930311832404e-8,1.0836986028328102e-7,1.5242362016491235e-7,2.14502504769855e-7,3.021787239578755e-7,4.2624860761009986e-7,6.024219595025646e-7,8.553860928473657e-7,1.2313015331766436e-6,1.837982594329923e-6,2.8901104251761287e-6,0.0
0.0,-0.00024670177290773623,-0.00016565584306549435,-9.886744645503645e-5,-6.012824959089603e-5,-3.739001492958247e-5,-2.343613344507037e-5,-1.4601019091906448e-5,-8.932534185691068e-6,-5.305470894552971e-6,-3.0216204004048503e-6,-1.623102663859074e-6,-8.000006486005168e-7,-3.4083750255594003e-7,-1.0301602107546061e-7,6.957636158103033e-9,4.7573098416660467e-8,5.4276706643706165e-8,4.686084841658411e-8,3.548426377285025e-8,2.472624284075137e-8,1.6185728320015783e-8,1.003890732210834e-8,5.900310001856094e-9,3.2524999589172693e-9,1.629395083866974e-9,6.71861997489809e-10,1.2783805391248638e-10,-1.6922242954609398e-10,-3.247720691383576e-10,-4.003213410525897e-10,-4.316409605698461e-10,-4.384905188940182e-10,-4.306630533686467e-10,-4.1177165153211657e-10,-3.8128243046753326e-10,-3.353257809121893e-10,-2.666366047642437e-10,-1.6388179775744265e-10,-1.0636736684876238e-11,2.157892374732497e-10,5.47916580410745e-10,1.0325269023092782e-9,1.735594522987259e-9,2.749655014973183e-9,4.204634641388876e-9,6.281770121292778e-9,9.233312959769002e-9,1.3410140489244403e-8,1.9299873597048355e-8,2.758014269262956e-8,3.919378853472929e-8,5.5456297918911994e-8,7.821110418020665e-8,1.1005568206329401e-7,1.546697449822481e-7,2.1728369833854003e-7,3.053282221072964e-7,4.293128927294778e-7,6.040499424448845e-7,8.506795124046867e-7,1.2012084074540153e-6,1.7109983324199097e-6,2.4888001140216616e-6,3.6548119516079892e-6,0.0
0.0,-0.00024720542852064113,-0.00018851043824445713,-0.00012019299641969684,-7.55476981267687e-5,-4.780802999603437e-5,-3.0277551022784694e-5,-1.899403282325432e-5,-1.1681859274249607e-5,-6.971501760075589e-6,-3.990419773361251e-6,-2.156854677235978e-6,-1.072855295886249e-6,-4.6495440065219246e-7,-1.4781528467812018e-7,5.869533091195866e-10,5.699854830430461e-8,6.793675052838858e-8,5.961091852279854e-8,4.556434868371591e-8,3.1977561381361165e-8,2.107557901740121e-8,1.3177116310418985e-8,7.833371328826196e-9,4.400597309648124e-9,2.2878637689587637e-9,1.0359165142989667e-9,3.205257506682019e-10,-7.306956177677293e-11,-2.813676459850505e-10,-3.8510755596858765e-10,-4.3067733924170507e-10,-4.438148804720982e-10,-4.372642970982925e-10,-4.1566179417132676e-10,-3.781543359624527e-10,-3.1942925818323883e-10,-2.2959808609127804e-10,-9.326614686158209e-11,1.1156946571203775e-10,4.1536869058871844e-10,8.625938772071059e-10,1.5164390121019966e-9,2.4659560717182987e-9,3.836053821491295e-9,5.801820026439256e-9,8.607489002509586e-9,1.2592911202130176e-8,1.823055068962063e-8,2.6176623004650686e-8,3.7342450824498154e-8,5.299496465465581e-8,7.48997765561081e-8,1.0552694484995545e-7,1.4834845108588053e-7,2.0826603599827226e-7,2.922143660796707e-7,4.099827011775417e-7,5.752947815761081e-7,8.072385252185688e-7,1.1324478192067077e-6,1.5895204402843178e-6,2.2394466739791014e-6,3.180357152775494e-6,4.436568716090656e-6,0.0
0.0,-0.0002421145116100954,-0.000205320831648927,-0.00013912335445210206,-9.039450923498936e-5,-5.8279794343589985e-5,-3.73295816896027e-5,-2.3596877059866237e-5,-1.4597060249223968e-5,-8.755748440292313e-6,-5.038060282183326e-6,-2.740438662931975e-6,-1.3756386014531221e-6,-6.06094938081785e-7,-2.0170263989016718e-7,-1.0257289201884086e-8,6.450766959085081e-8,8.097216966925261e-8,7.23220225430848e-8,5.582296711180199e-8,3.945078840096233e-8,2.6160346293373407e-8,1.6463633838985932e-8,9.870283532363714e-9,5.617404164835405e-9,2.9898877920355064e-9,1.4266255571648024e-9,5.290205332299664e-10,3.200579859977728e-11,-2.329117698192722e-10,-3.6705831440104784e-10,-4.280337237730957e-10,-4.47892038002261e-10,-4.4247694221337063e-10,-4.174560505232661e-10,-3.715428651827523e-10,-2.9774079562499676e-10,-1.831402541138789e-10,-7.707871504790003e-12,2.565019578475364e-10,6.49430174442121e-10,1.228840449397439e-9,2.076564451852674e-9,3.307823151622148e-9,5.084191494328819e-9,7.631877113407837e-9,1.1266337321519934e-8,1.642639501948279e-8,2.3721771905093468e-8,3.399882276605638e-8,4.843211880398967e-8,6.865311333699363e-8,9.693262297866399e-8,1.3644184588246623e-7,1.9162690778053414e-7,2.6874216840576006e-7,3.765918653719553e-7,5.275201045721013e-7,7.386677266937226e-7,1.033530445652621e-6,1.444074970616746e-6,2.014393517643017e-6,2.807309884442466e-6,3.9015988471532e-6,5.232786704041077e-6,0.0
0.0,-0.00023342469622697327,-0.00021660387779700647,-0.0001551631951148966,-0.0001041477484235816,-6.844987821274347e-5,-4.437307210747183e-5,-2.8278739735982707e-5,-1.7601635227545247e-5,-1.0614617079129015e-5,-6.14064675260344e-6,-3.3615051353776403e-6,-1.7025398940137684e-6,-7.619653172638859e-7,-2.6413389819955453e-7,-2.5795361275418268e-8,6.962663735199169e-8,9.290086193471797e-8,8.459705159230945e-8,6.59666644366332e-8,4.694391747351191e-8,3.130812446212701e-8,1.9815936204163746e-8,1.1961294388202558e-8,6.873938514909908e-9,3.7191590833480026e-9,1.8351582248170762e-9,7.487630008889862e-10,1.439121766547455e-10,-1.803451041432933e-10,-3.464248073292425e-10,-4.2359958936464805e-10,-4.504196953063701e-10,-4.458919396867061e-10,-4.1668204223587565e-10,-3.6093957735547255e-10,-2.697428633486098e-10,-1.267684148031596e-10,9.301831510500499e-11,4.2426097829882176e-10,9.176433121849804e-10,1.6456306622182956e-9,2.7107649358332513e-9,4.257325531639783e-9,6.487555754319087e-9,9.684332557514339e-9,1.4241982534046033e-8,2.0708844529704458e-8,2.984639471099554e-8,4.271100631802154e-8,6.076767979896966e-8,8.604940490077266e-8,1.2138229179369136e-7,1.707057758563366e-7,2.3952850181825346e-7,3.355705703303427e-7,4.69643503701528e-7,6.567983363934463e-7,9.177245685424551e-7,1.280342263862513e-6,1.7816089336425869e-6,2.46979333140013e-6,3.405941696555682e-6,4.643545629932855e-6,6.0400306798009685e-6,0.0
0.0,-0.00022251377398756553,-0.00022304801722993685,-0.00016808570116952362,-0.00011641552446287951,-7.800910948397185e-5,-5.1202326461436404e-5,-3.2910906515344705e-5,-2.061771392110397e-5,-1.2502440168146958e-5,-7.272405542990033e-6,-4.006250454451912e-6,-2.0467118941871655e-6,-9.295735098644439e-7,-3.3411521753768163e-7,-4.596783451963878e-8,7.204402014411629e-8,1.0333238145367206e-7,9.608819694886948e-8,7.572705281651666e-8,5.426679553541461e-8,3.639202119962799e-8,2.3153192515413064e-8,1.405687548658466e-8,8.140890890447673e-9,4.4589056663941284e-9,2.252253382471561e-9,9.748589719062444e-10,2.6030979464581896e-10,-1.248122465225232e-10,-3.235924662211641e-10,-4.1737225563449384e-10,-4.511911765491347e-10,-4.471972595694025e-10,-4.129798618146061e-10,-3.459799419693903e-10,-2.351130908346893e-10,-6.024209866252261e-11,2.0874625790293462e-10,6.143957653862077e-10,1.2189227076121019e-9,2.110874452267907e-9,3.4154031755583943e-9,5.308488025866952e-9,8.036690731290353e-9,1.1944608485171846e-8,1.7512384360791776e-8,2.5407425627735482e-8,3.65560656585304e-8,5.224261188978781e-8,7.424689793413173e-8,1.0503650906876296e-7,1.480372469325866e-7,2.0801557659573958e-7,2.9161872090880566e-7,4.081270874599863e-7,5.704688781071424e-7,7.965106112882835e-7,1.1105552307070032e-6,1.544863628018108e-6,2.1409073076581057e-6,2.9497216274011126e-6,4.0274002017865e-6,5.398655225070781e-6,6.854309820212269e-6,0.0
0.0,-0.00021032934842822715,-0.0002253832359379363,-0.0001778608999031659,-0.00012692638638951473,-8.670073411555065e-5,-5.7631027306708914e-5,-3.737050780062245e-5,-2.3568201193185567e-5,-1.4372662656158294e-5,-8.406328798713752e-6,-4.659759266605114e-6,-2.4004468207298298e-6,-1.1053152674990352e-6,-4.102417747452256e-7,-7.044923720514312e-8,7.160624155972672e-8,1.119693913116281e-7,1.0649967995203903e-7,8.486344785301414e-8,6.124324016653876e-8,4.129170406632755e-8,2.639732899800977e-8,1.610842448048883e-8,9.389071751242681e-9,5.192171077364859e-9,2.6683896241138315e-9,1.2021692470421148e-9,3.7856632323158373e-10,-6.752129663522054e-11,-2.9905594039096165e-10,-4.09445213286674e-10,-4.500895195719787e-10,-4.4617529776989414e-10,-4.0610125020748756e-10,-3.264430577005648e-10,-1.937243731728947e-10,1.6295600425499928e-11,3.390552287256868e-10,8.259441761104379e-10,1.5514681271139927e-9,2.621482507001967e-9,4.185447680070605e-9,6.453395086123591e-9,9.719448043622789e-9,1.439440022340245e-8,2.1050355528629924e-8,3.0482213115089675e-8,4.379268511612737e-8,6.250971386759966e-8,8.874925812697703e-8,1.2544216343157038e-7,1.7665206787124233e-7,2.4802227207034715e-7,3.474015760850112e-7,4.857060862635454e-7,6.780617509075637e-7,9.452173429570987e-7,1.3150934626386693e-6,1.8241256087175876e-6,2.5177328804449357e-6,3.4483197573303175e-6,4.664416295379276e-6,6.160389610663208e-6,7.671293066223904e-6,0.0
0.0,-0.00019751868458951462,-0.00022431031275510946,-0.00018459497250358217,-0.00013551467676616537,-9.432231156276277e-5,-6.349647318699915e-5,-4.154375041101841e-5,-2.6378815421026874e-5,-1.6179045141171412e-5,-9.514861200458449e-6,-5.306385701427763e-6,-2.755381085951718e-6,-1.2850792174077306e-6,-4.907485697420855e-7,-9.866777307917142e-8,6.830794800602304e-8,1.1860730949871736e-7,1.155895141940573e-7,9.316506931152523e-8,6.771298779004465e-8,4.5894897639427473e-8,2.9474090919767705e-8,1.8068978896315257e-8,1.0589872370213434e-8,5.902103785607915e-9,3.073962467622794e-9,1.4254147138971651e-9,4.95899915677583e-10,-9.791063058426273e-12,-2.734022331514652e-10,-3.9999760396772434e-10,-4.4708223554541787e-10,-4.427005498830018e-10,-3.95908436425333e-10,-3.0225013379579765e-10,-1.4563293811345942e-10,1.0243508360945876e-10,4.831762503364787e-10,1.0574648449114331e-9,1.9128152139804493e-9,3.173447036088756e-9,5.014598667302048e-9,7.682383004955087e-9,1.1521274459348938e-8,1.7012101485703154e-8,2.4824183947078378e-8,3.588709307607314e-8,5.1489706758005945e-8,7.341688366774269e-8,1.0413861950581591e-7,1.4707294587786222e-7,2.0695280469537285e-7,2.9033866899653964e-7,4.0633040218335943e-7,5.675358353588723e-7,7.913320121290038e-7,1.101377557975951e-6,1.5291616575869066e-6,2.1150634664311285e-6,2.9078348221599506e-6,3.95994189891925e-6,5.310342481753919e-6,6.922926646874584e-6,8.4864705916895e-6,0.0
0.0,-0.0001845189424909742,-0.00022046570916218062,-0.00018848196954872638,-0.00014210324862111562,-0.00010072427162183542,-6.866214444843287e-5,-4.53285094820666e-5,-2.897992934018995e-5,-1.7876831755564586e-5,-1.0570602008219928e-5,-5.9301598579624174e-6,-3.102722211936405e-6,-1.464368216133456e-6,-5.735724892533211e-7,-1.2985141761805159e-7,6.229784797133299e-8,1.2313236590199013e-7,1.23170141214466e-7,1.0045268666764916e-7,7.35333909544787e-8,5.0098778422618056e-8,3.2314069871446944e-8,1.9893923115656623e-8,1.17157289537853e-8,6.572251594661162e-9,3.4594660871570204e-9,1.6392867180026482e-9,6.094631046512354e-10,4.696463577951896e-11,-2.4729362022512163e-10,-3.8928338631095327e-10,-4.422153764402467e-10,-4.367362158647893e-10,-3.823713768090798e-10,-2.7346114077775917e-10,-9.106261294788945e-11,1.9751940854928528e-10,6.400081607428806e-10,1.3070755503559602e-9,2.299896597657202e-9,3.761936385909005e-9,5.895431683461018e-9,8.984254404783014e-9,1.3425527859765175e-8,1.9773265052581846e-8,2.8798299071214626e-8,4.1570719873226556e-8,5.957350385193004e-8,8.485913112690449e-8,1.2026596382436775e-7,1.6971815520367335e-7,2.3864244840472786e-7,3.345470628926993e-7,4.678187141305963e-7,6.527938046545828e-7,9.091272312593557e-7,1.2633791612667567e-6,1.7505128903695668e-6,2.4145730475761144e-6,3.3070161526607683e-6,4.4792049667980285e-6,5.959096890388715e-6,7.680972492096903e-6,9.295274618974457e-6,0.0
0.0,-0.00017162014594450457,-0.0002144073928475942,-0.00018976710560170541,-0.00014668587272645222,-0.00010580610277208739,-7.301875161928071e-5,-4.8636224687273446e-5,-3.130814424156939e-5,-1.942383616431655e-5,-1.1546995569149351e-5,-6.515205175514099e-6,-3.4334906052757977e-6,-1.6384333544506248e-6,-6.564227592957533e-7,-1.6305397535495502e-7,5.385485676168735e-8,1.2551641749180702e-7,1.291077838491843e-7,1.0657961680446478e-7,7.858079590118435e-8,5.381122013711903e-8,3.485366589755239e-8,2.154167008950847e-8,1.2740579220495949e-8,7.186855319227518e-9,3.815676557959185e-9,1.8385590646490537e-9,7.164027967069204e-10,1.0128133514827806e-10,-2.2144825774066865e-10,-3.776192382039044e-10,-4.356060710583478e-10,-4.2832892929425767e-10,-3.6556261619522955e-10,-2.4026963975613815e-10,-3.047458171516927e-11,3.007397932472191e-10,8.081573451990237e-10,1.5724990795584309e-9,2.7091122437039237e-9,4.381401078595281e-9,6.8195550926180116e-9,1.034650938955726e-8,1.541381320198202e-8,2.2651087111229697e-8,3.293396568693739e-8,4.747750416715117e-8,6.796476936555279e-8,9.672388052152495e-8,1.3697217522235644e-7,1.9315371179561886e-7,2.714063946855849e-7,3.80206881578639e-7,5.312508879633069e-7,7.406215666200859e-7,1.030253373688368e-6,1.4295675032630526e-6,1.976869541575313e-6,2.7195604003469694e-6,3.7111885800827714e-6,5.00102106358105e-6,6.605110315011397e-6,8.429643185183983e-6,1.0093169872089087e-5,0.0
0.0,-0.00015900928967590305,-0.00020661254251220132,-0.00018871990058381768,-0.00014931076689486501,-0.00010951105357908785,-7.648400719164331e-5,-5.139310454302397e-5,-3.330755384933621e-5,-2.0781407653012834e-5,-1.2418985487782074e-5,-7.046152187442734e-6,-3.738768226658136e-6,-1.8024164617200106e-6,-7.368582442282346e-7,-1.97190348610234e-7,4.336503847216216e-8,1.258091984358539e-7,1.3332048192399084e-7,1.1143201569022059e-7,8.275154755565436e-8,5.6951849059914294e-8,3.703595663665233e-8,2.297429983646457e-8,1.3640300351273606e-8,7.731135341568129e-9,4.133833052826582e-9,2.0181999413688103e-9,8.139259203264391e-10,1.5168654077896985e-10,-1.9661937077030448e-10,-3.6537090348693627e-10,-4.2743329434287194e-10,-4.1760139826015557e-10,-3.4564951255085485e-10,-2.0298910067380154e-10,3.550667339906822e-11,4.11099042194462e-10,9.859725443300583e-10,1.8511151717510916e-9,3.1364071725106784e-9,5.025688400402302e-9,7.777777308409428e-9,1.175558756426159e-8,1.7466330275698076e-8,2.5616903782137123e-8,3.7189989161850616e-8,5.3548609857674e-8,7.65799193787287e-8,1.0889293922196701e-7,1.5409079366411061e-7,2.1714599934068533e-7,3.0491779300214373e-7,4.2686211861826254e-7,5.959924666135959e-7,8.301390319071966e-7,1.153494332564472e-6,1.5982718212528232e-6,2.2059580780919546e-6,3.0269845137931363e-6,4.116416028899051e-6,5.520617091720615e-6,7.243279752585725e-6,9.164392817360925e-6,1.0875721439819963e-5,0.0
0.0,-0.00014680133043893693,-0.0001974816299748518,-0.00018561523908837188,-0.00015006601354113414,-0.00011182007571034738,-7.900139937366284e-5,-5.3540688842609586e-5,-3.493067895680413e-5,-2.1915249459653542e-5,-1.3163611036344273e-5,-7.5085348592799254e-6,-4.00994600743944e-6,-1.9514965941479436e-6,-8.123695795904269e-7,-2.3108034957741892e-7,3.1300254756724753e-8,1.2412872073587356e-7,1.3577487733419842e-7,1.1492844452912964e-7,8.596258752066292e-8,5.945287784348212e-8,3.881144946742283e-8,2.415813812968922e-8,1.4393117482860382e-8,8.191564359669815e-9,4.405813030664132e-9,2.173481516429613e-9,8.99366196995553e-10,1.9674286550738466e-10,-1.7357383772458578e-10,-3.529380318923317e-10,-4.1792703072677146e-10,-4.047431448609309e-10,-3.2288428502039743e-10,-1.6203550828414663e-10,1.0612808403635938e-10,5.274207796588453e-10,1.17158235668112e-9,2.1400171784496858e-9,3.5773543786775987e-9,5.688162516652756e-9,8.760279627922552e-9,1.3197115247858413e-8,1.956222543394669e-8,2.8640689084899593e-8,4.152341745353665e-8,5.972293983661405e-8,8.533247237338827e-8,1.212444216405922e-7,1.7145069130424596e-7,2.4145557870825114e-7,3.38842687863263e-7,4.7404843133905846e-7,6.613999233979367e-7,9.204578010268914e-7,1.277630002423006e-6,1.7678292448186442e-6,2.4355397403105794e-6,3.333893320498592e-6,4.51894823413401e-6,6.0335450324664574e-6,7.868929377112507e-6,9.880972331824931e-6,1.163864577982843e-5,0.0
0.0,-0.00013506101275591157,-0.00018734558633890335,-0.00018072055672160465,-0.00014906717599681932,-0.00011274556640239468,-8.053824736428534e-5,-5.50358507725955e-5,-3.613907570886485e-5,-2.279607218198271e-5,-1.3760528699518422e-5,-7.889157102150111e-6,-4.23896208764731e-6,-2.0810358236881026e-6,-8.804635093088384e-7,-2.634951225886702e-7,1.8194647323859267e-8,1.2065011666802602e-7,1.3648187100783225e-7,1.1701872875585385e-7,8.815163050475492e-8,6.125969632038161e-8,4.013869749286179e-8,2.5064260906687885e-8,1.497997273445845e-8,8.556119795730121e-9,4.62429734180138e-9,2.3000847440385685e-9,9.702490320016216e-10,2.350829363488184e-10,-1.5306224233460265e-10,-3.4073758214890995e-10,-4.073561897771227e-10,-3.8999971858593236e-10,-2.97592647270194e-10,-1.1790841575845403e-10,1.805215449356537e-10,6.483845331251881e-10,1.3629364485259418e-9,2.4360718921340637e-9,4.02724075827241e-9,6.361827184975384e-9,9.75679073247607e-9,1.4656152583006522e-8,2.1679940130191813e-8,3.16915446403681e-8,4.5890226765560205e-8,6.593809286106218e-8,9.413438054749233e-8,1.336545963545648e-7,1.8887862860560424e-7,2.6584071612109464e-7,3.728448749936871e-7,5.212998011246572e-7,7.268297498334067e-7,1.0106934634123204e-6,1.4014526946760648e-6,1.936606164896886e-6,2.6634370421788287e-6,3.6374532757291106e-6,4.915245738010853e-6,6.535685470907566e-6,8.47777850565479e-6,1.057540778606154e-5,1.2377849010642694e-5,0.0
0.0,-0.0001238182612381106,-0.0001764741268462623,-0.00017428763037031833,-0.00014644713515131873,-0.0001123253077336204,-8.108329438702442e-5,-5.58503378606293e-5,-3.6903637923538296e-5,-2.3400075298013887e-5,-1.4192446557166405e-5,-8.1764189680791e-6,-4.418523537449321e-6,-2.186719696364723e-6,-9.387466778570449e-7,-2.9320459602133025e-7,4.619688217505937e-9,1.1559328703773397e-7,1.3549132445688294e-7,1.1768216363252184e-7,8.927692463194288e-8,6.23312085344361e-8,4.098476572659475e-8,2.5668912645085954e-8,1.5384846005203766e-8,8.81450982967324e-9,4.7829213023294434e-9,2.3941969224304872e-9,1.0243528875031668e-9,2.654325852986231e-10,-1.3577841359155925e-10,-3.291867226392018e-10,-3.960157439027015e-10,-3.7366079719155615e-10,-2.70161873121867e-10,-7.121066683725445e-11,2.5776113067313887e-10,7.725606619656504e-10,1.5578488884394743e-9,2.735980948703819e-9,4.481153985713405e-9,7.0394483677199806e-9,1.0756759288296381e-8,1.611743579199602e-8,2.379754993414794e-8,3.4738172663338644e-8,5.024597959351386e-8,7.213127654698202e-8,1.0289729318055902e-7,1.459996298523664e-7,2.0620165499636432e-7,2.900606790938427e-7,4.065904113833899e-7,5.681546769459478e-7,7.916467679071948e-7,1.0999767236298313e-6,1.5237817651218666e-6,2.1030168657240003e-6,2.887556121430824e-6,3.934972946154996e-6,5.301997532066462e-6,7.0232462203322795e-6,9.065915468562148e-6,1.1243990366672752e-5,1.308945545526714e-5,0.0
0.0,-0.00011307903930618592,-0.0001650841486864061,-0.0001665477426334814,-0.00014234800084229413,-0.0001106168635383305,-8.06440578743445e-5,-5.5969956809779165e-5,-3.720462647171948e-5,-2.3709258833289203e-5,-1.444546408654717e-5,-8.360594289131875e-6,-4.542305111181596e-6,-2.264687985583315e-6,-9.850061408540302e-7,-3.1902437504897496e-7,-8.84133273523181e-9,1.0920978793709078e-7,1.3288602159602094e-7,1.1692515144223273e-7,8.93166200441754e-8,6.263991600151673e-8,4.1325539687996844e-8,2.5953830012086102e-8,1.5595020331406532e-8,8.958367764378295e-9,4.8764081111283755e-9,2.4525996740269054e-9,1.0597668382275684e-9,2.8667464755311686e-10,-1.223621026889304e-10,-3.1868756804534667e-10,-3.842135908915015e-10,-3.5604754542445424e-10,-2.410258202077366e-10,-2.261505616754446e-11,3.368703428795381e-10,8.984422781698146e-10,1.7540421527502229e-9,3.0363423304053166e-9,4.9340684933762165e-9,7.713674351780053e-9,1.1749521521361222e-8,1.756561048666717e-8,2.5893088648835034e-8,3.774932517801453e-8,5.45464458895151e-8,7.82401643149656e-8,1.1153373610802388e-7,1.581572060604589e-7,2.232493269188463e-7,3.1387876501371465e-7,4.397517343045629e-7,6.141615459483429e-7,8.552315993710476e-7,1.1874632805764102e-6,1.6434763885578526e-6,2.2655394075176465e-6,3.1059050849498043e-6,4.223921120560542e-6,5.6761324728502184e-6,7.492757359660239e-6,9.629776092764892e-6,1.1883272920235046e-5,1.3769828547297421e-5,0.0
0.0,-0.00010283300247385228,-0.0001533476259623331,-0.00015770926139764996,-0.00013691486846135757,-0.00010769258663306108,-7.924411403850453e-5,-5.5393504286316206e-5,-3.703146655554378e-5,-2.3711574521456234e-5,-1.4509314552399403e-5,-8.434053928374256e-6,-4.605119688501625e-6,-2.3116517990904055e-6,-1.0172839877727363e-6,-3.3986050440958517e-7,-2.1618463987653917e-8,1.0176943531040219e-7,1.2877513912341015e-7,1.1477838084975433e-7,8.826778701740776e-8,6.217175734345778e-8,4.114587444009403e-8,2.5906465321060086e-8,1.560128632258028e-8,8.981410332093631e-9,4.900681432870858e-9,2.472745161010682e-9,1.0749410504574879e-9,2.97878408900601e-10,-1.1337242460018736e-10,-3.096116905307021e-10,-3.722575052199806e-10,-3.374996941284592e-10,-2.106485576235772e-10,2.7177049996662113e-11,4.168222624969329e-10,1.0244756835729576e-9,1.9491907224912602e-9,3.3337106793928045e-9,5.380928949020818e-9,8.377151327286746e-9,1.2724461131657885e-8,1.8985452636753957e-8,2.794485315842892e-8,4.0694223827229504e-8,5.8748180099195746e-8,8.42036869875735e-8,1.199581953906403e-7,1.7000800646065153e-7,2.3985572404661405e-7,3.3706503834648797e-7,4.720113599532108e-7,6.588838967451144e-7,9.169872552511355e-7,1.272342428240809e-6,1.7594464742683384e-6,2.422728824416403e-6,3.3166085800746307e-6,4.501940003113428e-6,6.03482548214721e-6,7.941063615590777e-6,1.01661255556798e-5,1.2490069526437715e-5,1.4415585617211616e-5,0.0
0.0,-9.305887922428816e-5,-0.00014139873097675866,-0.0001479569055769492,-0.00013029116080951855,-0.00010363530818649486,-7.692045221327652e-5,-5.413153664970495e-5,-3.638235725637583e-5,-2.3400931216233826e-5,-1.437751117735842e-5,-8.39143119455742e-6,-4.603056294335178e-6,-2.324993670564107e-6,-1.033943703849399e-6,-3.547505997517435e-7,-3.317898125564139e-8,9.354712725786728e-8,1.232874938127734e-7,1.11293677705493e-7,8.614513856671501e-8,6.092572341558717e-8,4.0439587578650195e-8,2.552010753174276e-8,1.5398082014313662e-8,8.879556558704558e-9,4.85295451578289e-9,2.4528186548033954e-9,1.068729313497688e-9,2.983270044230664e-10,-1.0926589180090461e-10,-3.0228541678382796e-10,-3.604425793267198e-10,-3.183628419231248e-10,-1.7950860477739704e-10,7.744917254580974e-11,4.96566769640685e-10,1.149091009161245e-9,2.140963441463618e-9,3.6246553351946416e-9,5.816729881041105e-9,9.022632732179903e-9,1.3671159419769256e-8,2.036207452189848e-8,2.993168564777082e-8,4.3542946069037755e-8,6.280904883082392e-8,8.996275253544686e-8,1.2808809717387255e-7,1.8143704105093268e-7,2.5586125201758933e-7,3.5939876296893683e-7,5.030651470051259e-7,7.01904561391189e-7,9.763448369051348e-7,1.353844385199546e-6,1.870661767761673e-6,2.5732277667095823e-6,3.517918888815436e-6,4.766854074665765e-6,6.375499433954629e-6,8.365314763696404e-6,1.0672042545378025e-5,1.3061455890453513e-5,1.5023607678957157e-5,0.0
0.0,-8.372823774695232e-5,-0.0001293400891607326,-0.00013745215428406253,-0.00012261529704829418,-9.853472386947347e-5,-7.372099619225926e-5,-5.2205058914504676e-5,-3.526373772695662e-5,-2.2777072817422846e-5,-1.40474015726329e-5,-8.229728191284444e-6,-4.5335828742866355e-6,-2.302847936993568e-6,-1.0337262181028594e-6,-3.6289997861163934e-7,-4.3049143777057226e-8,8.481037514675849e-8,1.1656484139410318e-7,1.0654066762686462e-7,8.297952253169603e-8,5.891327437883825e-8,3.920930454045014e-8,2.4793901561534548e-8,1.4983566289605453e-8,8.651004861444899e-9,4.731793812634377e-9,2.3917859209626522e-9,1.0404226773893013e-9,2.875406717590454e-10,-1.1037832123963163e-10,-2.969765601119278e-10,-3.49039541360566e-10,-2.9897643094543017e-10,-1.4808384073804623e-10,1.274845915635267e-10,5.750547669851928e-10,1.2707319975142855e-9,2.3270639024220283e-9,3.905815197425075e-9,6.236590362129626e-9,9.643081028175851e-9,1.4579533997246191e-8,2.1681113695769698e-8,3.1833230823314356e-8,4.626677493183636e-8,6.668870582657588e-8,9.546089012604877e-8,1.3584467940650732e-7,1.9233482548385665e-7,2.7111422705191177e-7,3.806705258275743e-7,5.32625123734006e-7,7.428294403917973e-7,1.0327683650810405e-6,1.4312463938510892e-6,1.976159228110083e-6,2.71577476877326e-6,3.7082238904760964e-6,5.016675215233451e-6,6.6958235348413844e-6,8.762954558826853e-6,1.1144904893988773e-5,1.3594769214796541e-5,1.5591045080946538e-5,0.0
0.0,-7.480810465198629e-5,-0.0001172481752272959,-0.00012633440283669055,-0.00011401845017492248,-9.248445328858907e-5,-6.970235701475011e-5,-4.964419888749857e-5,-3.3689651732205694e-5,-2.1845348724833104e-5,-1.3520137379276562e-5,-7.948363820126538e-6,-4.395612261287167e-6,-2.2441594292272748e-6,-1.0157939704694579e-6,-3.6371160466666963e-7,-5.0833042085960586e-8,7.580800495076931e-8,1.08755494413255e-7,1.0060339377392021e-7,7.881625398827147e-8,5.6157590537648e-8,3.746616860268133e-8,2.373276938904669e-8,1.4359625754174246e-8,8.296267119705912e-9,4.53715572467963e-9,2.2894242456840568e-9,9.897733459785843e-10,2.652946618259552e-10,-1.1691057135186005e-10,-2.9388305455679713e-10,-3.3828429338518173e-10,-2.796628196431001e-10,-1.168375645560323e-10,1.7658097210544432e-10,6.51260676227562e-10,1.3878842353117386e-9,2.505268257756688e-9,4.173949702794216e-9,6.635822908585033e-9,1.0231760920522163e-8,1.5439964942462822e-8,2.292890366205105e-8,3.3630166690526826e-8,4.883851078486086e-8,7.034901267881612e-8,1.0064481706391293e-7,1.431537544410335e-7,2.0259840432408146e-7,2.854722441373766e-7,4.006840567661154e-7,5.604218891674049e-7,7.812906311838329e-7,1.085758775108275e-6,1.5038776590002828e-6,2.0750488062775526e-6,2.849210364713827e-6,3.886052271089011e-6,5.249604675634537e-6,6.993708922586395e-6,9.131708607757972e-6,1.1582376090168779e-5,1.4087606830780293e-5,1.6115319727443188e-5,0.0
0.0,-6.626276668746561e-5,-0.0001051779110402788,-0.00011472258118924083,-0.00010462318242219418,-8.557972563358485e-5,-6.492785477553899e-5,-4.648691787680499e-5,-3.1681047727914005e-5,-2.0616397087465388e-5,-1.280056772366839e-5,-7.549165770662683e-6,-4.189530943260865e-6,-2.14871924651046e-6,-9.79761762149755e-7,-3.5680888983531326e-7,-5.6227871666144165e-8,6.67604316122086e-8,1.0000850621446531e-7,9.357702846164721e-8,7.371336038094157e-8,5.269269195523369e-8,3.522943094578335e-8,2.2347238719768012e-8,1.353181653740969e-8,7.818159499954911e-9,4.2703957295918495e-9,2.1463363374972357e-9,9.170081667966883e-10,2.3163107786250968e-10,-1.289182915692903e-10,-2.931238372419301e-10,-3.2836895128305003e-10,-2.60717826956173e-10,-8.622582458973779e-11,2.2408384352600797e-10,7.242034821653564e-10,1.499101295208751e-9,2.673459969108229e-9,4.425985384394675e-9,7.009995994129747e-9,1.0782323365759916e-8,1.6243407705512693e-8,2.409262558250957e-8,3.530440829251836e-8,5.123274473712086e-8,7.375440531764344e-8,1.0546492938047093e-7,1.4994636449144815e-7,2.1213222438551956e-7,2.9880333594097687e-7,4.192577568019873e-7,5.862066088077186e-7,8.16948994051973e-7,1.134857134280767e-6,1.5711232185029765e-6,2.166517777806093e-6,2.97248130299153e-6,4.050076377145762e-6,5.4640324713128426e-6,7.2673021386098084e-6,9.46957154381475e-6,1.1982392297046506e-5,1.4537823300144656e-5,1.6594124482193834e-5,0.0
0.0,-5.8054991045044054e-5,-9.316655028168194e-5,-0.0001027170351129227,-9.454277855746664e-5,-7.791563150861213e-5,-5.9465825839737396e-5,-4.277779559075234e-5,-2.9265046037977608e-5,-1.9105760178120332e-5,-1.1897065989021184e-5,-7.036310081526741e-6,-3.9171912882631775e-6,-2.0171771131285176e-6,-9.257136081902032e-7,-3.4205066138669684e-7,-5.903509745696385e-8,5.7851825444231486e-8,9.04686373490156e-8,8.556480517188373e-8,6.773980911040295e-8,4.8562462836511974e-8,3.252593805067865e-8,2.065318677479072e-8,1.2509243869103237e-8,7.221750776589943e-9,3.934249804439804e-9,1.9639467429743868e-9,8.228313110401564e-10,1.868643341074137e-10,-1.463060087685058e-10,-2.947322413095356e-10,-3.194345963014747e-10,-2.424014090843919e-10,-5.666824319734464e-11,2.6938145297427203e-10,7.929638238854789e-10,1.6030283198439784e-9,2.829661141872874e-9,4.659057640316425e-9,7.354989800752734e-9,1.1288880008193379e-8,1.6981492480491082e-8,2.516044088195824e-8,3.6839284556840996e-8,5.342609428587104e-8,7.68722076591177e-8,1.0987571866807703e-7,1.561593344142742e-7,2.2084886547461875e-7,3.109869341317637e-7,4.362259532225642e-7,6.097526335968643e-7,8.494962002169616e-7,1.1796471514781066e-6,1.632426856131287e-6,2.249833803233038e-6,3.084643129890721e-6,4.199113117976101e-6,5.658534748664976e-6,7.514977070011465e-6,9.774793836901828e-6,1.234314969118536e-5,1.4943525990858403e-5,1.702542031071202e-5,0.0
0.0,-5.014683211295705e-5,-8.123694310961439e-5,-9.040153363666248e-5,-8.38811268709413e-5,-6.958587534363901e-5,-5.338821570060974e-5,-3.8566914406323694e-5,-2.6474198549613184e-5,-1.733344941423635e-5,-1.0821299652669492e-5,-6.416212750562509e-6,-3.5818687778691618e-6,-1.8510305000516627e-6,-8.542052706566233e-7,-3.1953788571352575e-7,-5.916711080700059e-8,4.9224376736857676e-8,8.02722840099651e-8,7.667527898061708e-8,6.097378082317115e-8,4.3819615497918846e-8,2.93895344986374e-8,1.8671508011724907e-8,1.130438342118324e-8,6.514269767682802e-9,3.532788663857281e-9,1.7444808287837363e-9,7.084159817528389e-10,1.31580324532694e-10,-1.6882599982577518e-10,-2.9865204856542545e-10,-3.1156596376866277e-10,-2.24930117215809e-10,-2.853571754547176e-11,3.119132616241663e-10,8.566991515403946e-10,1.6984228611427562e-9,2.9720602108503744e-9,4.8705474928617605e-9,7.667045025779252e-9,1.1746067950527517e-8,1.7646610104720547e-8,2.612160508468774e-8,3.8219689019988585e-8,5.5397402668050815e-8,7.967289491559423e-8,1.1383611924449096e-7,1.6173572826298007e-7,2.2866963851035176e-7,3.219146483299901e-7,4.514399045334427e-7,6.308567769252541e-7,8.786563147666275e-7,1.2197570590363866e-6,1.6872931786277621e-6,2.324346901890497e-6,3.1848614203401574e-6,4.332123317208293e-6,5.8318696450543015e-6,7.735325904055002e-6,1.0045868560037467e-5,1.2663092090439036e-5,1.5303069324513038e-5,1.740743168259084e-5,0.0
0.0,-4.2500144275961725e-5,-6.940027293732552e-5,-7.784531289203604e-5,-7.273302491443119e-5,-6.0681962082671075e-5,-4.676944582316902e-5,-3.3908857364291956e-5,-2.3345760153960564e-5,-1.5323475165464415e-5,-9.587952665829494e-6,-5.697378439806037e-6,-3.188186532347173e-6,-1.6525913179345653e-6,-7.662525976446545e-7,-2.8961203859016665e-7,-5.66507316131212e-8,4.0976339876548295e-8,6.954451497566474e-8,6.701999908542394e-8,5.35010418601161e-8,3.8524625681967116e-8,2.586039897861231e-8,1.642771529943298e-8,9.932849280526898e-9,5.704974255296351e-9,3.0713458983017677e-9,1.4909267796444257e-9,5.753852043803682e-10,6.661711626900548e-11,-1.96069866058133e-10,-3.047361785203396e-10,-3.0478822103064395e-10,-2.08471612822608e-10,-2.145142425040335e-12,3.51181916495691e-10,9.146570281717774e-10,1.7841728693834124e-9,3.0990358493209927e-9,5.058113251458961e-9,7.942804731475562e-9,1.214910498334558e-8,1.8231984839535517e-8,2.6966563587546156e-8,3.94322056881804e-8,5.712790401208236e-8,8.21303099132373e-8,1.1730979083842207e-7,1.6662521751959483e-7,2.3552506289620292e-7,3.314908803699413e-7,4.647685814986296e-7,6.493402885743036e-7,9.041869721630536e-7,1.2548609528531185e-6,1.7352889852266305e-6,2.3894905296533263e-6,3.2724119340632785e-6,4.448209900324959e-6,5.982972128989905e-6,7.927149588823562e-6,1.0281518425904946e-5,1.2940898953447617e-5,1.5615048012274754e-5,1.7738640728042758e-5,0.0
0.0,-3.5076885834414117e-5,-5.765835172527007e-5,-6.510510060779662e-5,-6.11848109723918e-5,-5.1292754135533354e-5,-3.968553433448051e-5,-2.886182510531324e-5,-1.9920985249194315e-5,-1.3103353804122462e-5,-8.214409197006237e-6,-4.890211610583506e-6,-2.7420099864368587e-6,-1.4249315385073657e-6,-6.6330621356874e-7,-2.5284519025656317e-7,-5.162352454022265e-8,3.315992698786644e-8,5.839715243059395e-8,5.671164627159786e-8,4.54134570222288e-8,3.274466631896363e-8,2.1984330136042914e-8,1.3951484272051783e-8,8.41311403691e-9,4.804984386707296e-9,2.5564216028027967e-9,1.2069814407183755e-9,4.25782903698046e-10,-6.941206013815586e-12,-2.2748379631297528e-10,-3.1274922955306466e-10,-2.990659316157031e-10,-1.9314114204182268e-10,2.2245241055307816e-11,3.8676221108219847e-10,9.661862887098325e-10,1.8593117755914317e-9,3.2091770675610165e-9,5.2197170981878455e-9,8.179349366560048e-9,1.2493835570978037e-8,1.8731734595573343e-8,2.7687030356636252e-8,4.046521164755975e-8,5.8601356831990487e-8,8.422183633328221e-8,1.2026534271440722e-7,1.7078436982366195e-7,2.4135523616717986e-7,3.396332929975396e-7,4.7609925225779053e-7,6.650495665345276e-7,9.258802043267112e-7,1.2846796788240884e-6,1.7760440589852386e-6,2.444781949249063e-6,3.3466799662243346e-6,4.546615283558944e-6,6.1109482672574735e-6,8.089448246149594e-6,1.0480683397893342e-5,1.3175473912987265e-5,1.587828966072713e-5,1.8017780615351114e-5,0.0
0.0,-2.7839274301773755e-5,-4.600555249881089e-5,-5.2227090241358074e-5,-4.9315242589356424e-5,-4.1504338488627326e-5,-3.2213444573452404e-5,-2.3486869428394894e-5,-1.624445721765845e-5,-1.0703601690307134e-5,-6.7204066582621926e-6,-4.006795494243543e-6,-2.250315006476378e-6,-1.17180957436227e-6,-5.47213495145189e-7,-2.1002230930476485e-7,-4.432673378219777e-8,2.5782611033441597e-8,4.692800339853451e-8,4.5862664802800097e-8,3.68076701081158e-8,2.6552561022963164e-8,1.7811996973555066e-8,1.127615035752235e-8,6.766186843443967e-9,3.827084053029148e-9,1.9955635271409564e-9,8.969811332546073e-10,2.620352149212875e-10,-8.77822195291616e-11,-2.6238269527631285e-10,-3.2237278571159566e-10,-2.943041469259646e-10,-1.7899990306762605e-10,4.443912999703286e-11,4.183077359180372e-10,1.0107459614491036e-9,1.9230306680562815e-9,3.3012995344134783e-9,5.353646706109582e-9,8.37422518518968e-9,1.2776768013405353e-8,1.9140919322090148e-8,2.8276050707998965e-8,4.130895824851248e-8,5.980414866433537e-8,8.59285330876174e-8,1.2267650549315932e-7,1.7417686740348666e-7,2.461101093560673e-7,3.462731525373599e-7,4.853378998480156e-7,6.778566477648403e-7,9.435629808836656e-7,1.3089813521724032e-6,1.809251505462503e-6,2.489822073525462e-6,3.407159145505753e-6,4.62671830034031e-6,6.215069321596424e-6,8.22141193492015e-6,1.0642509165776631e-5,1.3365934052928536e-5,1.6091847151660557e-5,1.8243828583216373e-5,0.0
0.0,-2.0749835404901225e-5,-3.443044983836301e-5,-3.924885155613669e-5,-3.7196560330628e-5,-3.140014842512504e-5,-2.443063161621641e-5,-1.78472350853009e-5,-1.23634540240965e-5,-8.157223118991182e-6,-5.12766491052637e-6,-3.0606442174565793e-6,-1.7210330490306586e-6,-8.975796424076287e-7,-4.20169110362806e-7,-1.6211648704800674e-7,-3.5094531543309826e-8,1.881103311506516e-8,3.522122797814719e-8,3.45843896157799e-8,2.7783965176429083e-8,2.002577208921197e-8,1.3398166064650354e-8,8.438167401986494e-9,5.015255466440961e-9,2.7854941138444203e-9,1.397228147448855e-9,5.658188743863723e-10,8.690273282289295e-11,-1.74393438307286e-10,-2.9996342869045444e-10,-3.332131108672719e-10,-2.903515187342363e-10,-1.660552133054945e-10,6.430389828023679e-11,4.455554466600954e-10,1.0479119293060311e-9,1.97468760669572e-9,3.374458214225416e-9,5.458532056858877e-9,8.525466361539586e-9,1.2995103280574543e-8,1.9455578355461843e-8,2.8728049416927904e-8,4.195563276682217e-8,6.072537470738042e-8,8.723523407851981e-8,1.2452225690737611e-7,1.7677366429924262e-7,2.4974968124354297e-7,3.513555645253553e-7,4.924094994821506e-7,6.876595172615663e-7,9.570975182850232e-7,1.32758159135572e-6,1.8346677560384247e-6,2.52429494825015e-6,3.453449909846447e-6,4.6880309662347354e-6,6.29476602925111e-6,8.322412113253175e-6,1.076633675455624e-5,1.3511600158346165e-5,1.625499119098015e-5,1.8415999021677405e-5,0.0
0.0,-1.377137503274753e-5,-2.291723183884101e-5,-2.6201177202374118e-5,-2.4895688553524837e-5,-2.1061288832326593e-5,-1.641475437934705e-5,-1.2007796645113516e-5,-8.327349032218858e-6,-5.499196830567028e-6,-3.4594975097968236e-6,-2.0664332187762793e-6,-1.1628771722631703e-6,-6.070866576361356e-7,-2.8465569170207564e-7,-1.1025797193476929e-7,-2.4339584346845756e-8,1.217679445352066e-8,2.3348723057334317e-8,2.2986638644084935e-8,1.844530692973214e-8,1.324543097532886e-8,8.800915104054325e-9,5.47653599244936e-9,3.185298344898362e-9,1.6956216019410274e-9,7.706243629292533e-10,2.1884969570488228e-10,-9.658471348310844e-11,-2.6508529547584164e-10,-3.3932235137908704e-10,-3.448112577652996e-10,-2.870052870106575e-10,-1.5426235529161683e-10,8.177079947484378e-11,4.683282625840716e-10,1.0773813643072594e-9,2.013814149904891e-9,3.4279564447328227e-9,5.5333576644274515e-9,8.631611131074884e-9,1.3146756042057505e-8,1.9672757538036935e-8,2.903886539212287e-8,4.2399402396252426e-8,6.135689321516265e-8,8.813061738411736e-8,1.257869073807005e-7,1.7855309089354303e-7,2.522441237484353e-7,3.5483961989156874e-7,4.972581807630366e-7,6.943822714862535e-7,9.663814094023862e-7,1.340343540381294e-6,1.8521123410398186e-6,2.5479670223322593e-6,3.485257861842704e-6,4.730195342784116e-6,6.349623369891638e-6,8.391994096107542e-6,1.0851693505413747e-5,1.3611988164772852e-5,1.636720338908616e-5,1.8533736946709867e-5,0.0
0.0,-6.866893695751832e-6,-1.144694113076854e-5,-1.3109873905257956e-5,-1.2475535596750173e-5,-1.0567018114583027e-5,-8.24351931725885e-6,-6.034573595139503e-6,-4.187042833005649e-6,-2.7659636021218725e-6,-1.7404099022657301e-6,-1.0397128711105458e-6,-5.851528488200631e-7,-3.055494573849439e-7,-1.4337645942750483e-7,-5.569809866306921e-8,-1.2535560047427004e-8,5.783815926634052e-9,1.1372361349749886e-8,1.1177713546872208e-8,8.896545023047547e-9,6.29541269294393e-9,4.080839518029623e-9,2.432208647748834e-9,1.3026725512725057e-9,5.737892180568297e-10,1.2554276880929842e-10,-1.3821328237874295e-10,-2.8518349497328496e-10,-3.5803388388065846e-10,-3.7947756026318933e-10,-3.566554042163667e-10,-2.840179459403086e-10,-1.4352794121389473e-10,9.683370508829804e-11,4.865358111463793e-10,1.0989749972321841e-9,2.040119198752871e-9,3.4613516061696738e-9,5.577470428478793e-9,8.691712295149408e-9,1.3230368400695346e-8,1.9790526874426637e-8,2.9205774058819547e-8,4.263644226931471e-8,6.16933601376242e-8,8.860724749044333e-8,1.2646015066568912e-7,1.7950091328716946e-7,2.53573849251159e-7,3.566984671045726e-7,4.998472968106443e-7,6.979751674566194e-7,9.713476181935598e-7,1.3471777429497178e-6,1.861467522393289e-6,2.560686330595057e-6,3.502392173018358e-6,4.7529807158736074e-6,6.379376066533837e-6,8.429870750443466e-6,1.0898285630498052e-5,1.366680201008578e-5,1.6428170184383278e-5,1.8596712157274493e-5,0.0
0.0,5.443077093571856e-10,1.401559547892972e-9,2.486809869248832e-9,3.6362815700480546e-9,4.65702409127844e-9,5.379276487108852e-9,5.695869402175247e-9,5.5806721623895925e-9,5.0842310879613336e-9,4.311323044544971e-9,3.389988840847865e-9,2.442383821702294e-9,1.5646511551628167e-9,8.181955020868914e-10,2.3064618214974126e-10,-1.9730039489717476e-10,-4.831292612947992e-10,-6.53106357092365e-10,-7.352692549997024e-10,-7.562447281963472e-10,-7.385503947657332e-10,-6.99743760614154e-10,-6.525219026505827e-10,-6.053166416757964e-10,-5.630504712727322e-10,-5.278273598744787e-10,-4.99420973610989e-10,-4.754759224493894e-10,-4.5133614842290885e-10,-4.193944100505417e-10,-3.68194993002304e-10,-2.811053346866161e-10,-1.3371462232426942e-10,1.0954648866530621e-10,5.001734422248499e-10,1.1126373244728142e-9,2.053490275039793e-9,3.4744575369985493e-9,5.590583333236631e-9,8.705342402195522e-9,1.3245316792125507e-8,1.980798939838984e-8,2.922749843954349e-8,4.2664948947466724e-8,6.173224509645531e-8,8.866159359598004e-8,1.2653708389114798e-7,1.796103537354948e-7,2.537295287200621e-7,3.569193228880401e-7,5.001594182031637e-7,6.984145829030689e-7,9.7196437544485e-7,1.3480419193682168e-6,1.8626778574094867e-6,2.5623816882154584e-6,3.5047641697933224e-6,4.7562812561376745e-6,6.383905010850479e-6,8.435917613283936e-6,1.0905992499427788e-5,1.3675928055311094e-5,1.6437777857944725e-5,1.8604814300812252e-5,0.0
0.0,6.867980698531872e-6,1.1449739750121699e-5,1.3114839133596532e-5,1.2482795430518161e-5,1.0576315397349202e-5,8.254258033241535e-6,6.045943815105756e-6,4.198182516582406e-6,2.7761117002518505e-6,1.7490146246939243e-6,1.0464781010230932e-6,5.900263466629077e-7,3.086708875044597e-7,1.4500801277754516e-7,5.615705863196168e-8,1.2140546755253622e-8,-6.7491658554197756e-9,-1.267669828740764e-8,-1.2645810385095883e-8,-1.0406318794465321e-8,-7.769725176851418e-9,-5.477594004729915e-9,-3.734646511766759e-9,-2.5108595741198596e-9,-1.6976120065760153e-9,-1.1790843456210532e-9,-8.586747044459392e-10,-6.639816654294063e-10,-5.4305300330062e-10,-4.580120322783564e-10,-3.7885614226828914e-10,-2.779558624951811e-10,-1.246469437852368e-10,1.2001918342169902e-10,5.093196517568745e-10,1.1184348650379427e-9,2.053992357398166e-9,3.467343850103995e-9,5.572775193270709e-9,8.672593877508882e-9,1.3191712425274012e-8,1.972528179235947e-8,2.9104209707193834e-8,4.248514049259018e-8,6.147383029432791e-8,8.829402627508287e-8,1.2601820027759567e-7,1.7888207678935864e-7,2.5271206722233294e-7,3.555034308328644e-7,4.981962649113044e-7,6.957029060908949e-7,9.682350018225468e-7,1.3429406831143983e-6,1.8557497451805781e-6,2.5530619675170365e-6,3.4923861950001133e-6,4.740114278480125e-6,6.363234744342119e-6,8.410169559467474e-6,1.08748627663889e-5,1.3639431192772503e-5,1.639610881497022e-5,1.8558149005746985e-5,0.0
0.0,1.3772457118093792e-5,2.292001692191525e-5,2.6206117294568802e-5,2.4902910321033977e-5,2.107053599649575e-5,1.6425433776999783e-5,1.2019102484366357e-5,8.338423877381073e-6,5.509283946916493e-6,3.4680485434565233e-6,2.0731542660632855e-6,1.1677169050685913e-6,6.101845026669512e-7,2.8627275305036947e-7,1.1070994721970765e-7,2.394334225368186e-8,-1.3139353078728638e-8,-2.464741734017714e-8,-2.4447411760860202e-8,-1.9946944527475493e-8,-1.4711395019723179e-8,-1.0189489696821304e-8,-6.771175939085877e-9,-4.386165802491962e-9,-2.8126275795778467e-9,-1.8178436705152186e-9,-1.2099032940260743e-9,-8.47238414952326e-10,-6.312540613311348e-10,-4.942704008871681e-10,-3.880578343354079e-10,-2.7424055749280986e-10,-1.1611812456226267e-10,1.2841304811522897e-10,5.141320600682832e-10,1.1165525962856884e-9,2.0418644024119023e-9,3.4403322883254588e-9,5.524486610446209e-9,8.594074311691076e-9,1.3070395546728648e-8,1.9543567134952555e-8,2.8837517732521337e-8,4.2099243851862405e-8,6.092119338724886e-8,8.750879394700178e-8,1.2490935657008083e-7,1.773241440247754e-7,2.505325408818454e-7,3.52465973607856e-7,4.939785842245193e-7,6.89868366515996e-7,9.601976738861441e-7,1.331925218831058e-6,1.8407509856405924e-6,2.532815497829011e-6,3.4653707981861495e-6,4.704619165950327e-6,6.3175320670193755e-6,8.352819086263139e-6,1.0805112394340321e-5,1.3557552705321077e-5,1.6303439231174035e-5,1.8457035169497166e-5,0.0
0.0,2.075090918778559e-5,3.443321229895967e-5,3.9253749802236425e-5,3.72037188458175e-5,3.140931237936281e-5,2.4441212557313485e-5,1.7858434070428477e-5,1.2374421255870048e-5,8.167209028836076e-6,5.13612685547955e-6,3.0672919707425702e-6,1.7258167936780396e-6,9.006384053328183e-7,4.217621853937206e-7,1.6255693470134338e-7,3.469631484443428e-8,-1.9768834840035208e-8,-3.651048861826151e-8,-3.6032968434244654e-8,-2.9272079189440227e-8,-2.147787328451763e-8,-1.4773165788713904e-8,-9.719870839423346e-9,-6.2039816951062775e-9,-3.891192238385906e-9,-2.4339568835212863e-9,-1.5471845014535547e-9,-1.021875564759906e-9,-7.140622089266401e-10,-5.271373526956839e-10,-3.952284114517283e-10,-2.696236217968941e-10,-1.078974220786479e-10,1.349345797831879e-10,5.148420882100104e-10,1.1072886960556445e-9,2.01751366764307e-9,3.393990237903807e-9,5.446512272154559e-9,8.470897051498383e-9,1.2882923692346489e-8,1.926501997980571e-8,2.8430451876689316e-8,4.151146987694074e-8,6.008017474296746e-8,8.631397971973401e-8,1.2322171594829692e-7,1.7495193839776967e-7,2.472120966951221e-7,3.4783594068965223e-7,4.875459772756821e-7,6.809648099813895e-7,9.479251377535099e-7,1.315092927938776e-6,1.8178103592893956e-6,2.5018095984570346e-6,3.4239302666747213e-6,4.6500569709461275e-6,6.2471057853330466e-6,8.26421622226374e-6,1.0697124579018857e-5,1.3430709882513255e-5,1.616023808286741e-5,1.830200341995394e-5,0.0
0.0,2.784033631499144e-5,4.600828319346835e-5,5.223192997025012e-5,4.9322312852802326e-5,4.1513386490427634e-5,3.222388841123156e-5,2.3497919682024417e-5,1.625527471752011e-5,1.0713446841716959e-5,6.728744762841103e-6,4.013341431082397e-6,2.255021043720535e-6,1.1748141626468605e-6,5.487733922130556e-7,2.1044689487116435e-7,4.392592659405668e-8,-2.673359278314452e-8,-4.820401218053072e-8,-4.7294202660635834e-8,-3.827692930951636e-8,-2.798536011207888e-8,-1.9168111176632878e-8,-1.253986512091183e-8,-7.938033765393465e-9,-4.917060533554903e-9,-3.0177016592495883e-9,-1.8648632001505683e-9,-1.184685933736174e-9,-7.896969973637586e-10,-5.556349422110237e-10,-3.99821917789851e-10,-2.6377318820745676e-10,-9.97375398457392e-11,1.398283109855117e-10,5.11748497546902e-10,1.0910477177594403e-9,1.9815079449358306e-9,3.3291214969270793e-9,5.339989673865209e-9,8.304667162760945e-9,1.263155397669913e-8,1.8892803783729876e-8,2.788743200413608e-8,4.07279758892382e-8,5.895932889814881e-8,8.472143828345608e-8,1.2097166589238636e-7,1.7178805740876955e-7,2.427818139639976e-7,3.416559497496363e-7,4.789566713736403e-7,6.690714138843072e-7,9.315243641675147e-7,1.2925870324977605e-6,1.7871172136289386e-6,2.46029022431418e-6,3.368376468386913e-6,4.576810654952237e-6,6.152407551897602e-6,8.144870009015577e-6,1.055145152217146e-5,1.3259497342012859e-5,1.596716750123253e-5,1.8093795699473095e-5,0.0
0.0,3.507793252818771e-5,5.76610414545256e-5,6.510986520519438e-5,6.119176822349174e-5,5.1301653893075614e-5,3.9695803072714873e-5,2.8872685559475803e-5,1.9931611810173113e-5,1.3113019595644273e-5,8.222589636443104e-6,4.8966280570331125e-6,2.746617326209683e-6,1.4278674463025212e-6,6.648241804450715e-7,2.5324988169630816e-7,5.12196934575486e-8,-3.41019105002549e-8,-5.965606472362462e-8,-5.8121335143168446e-8,-4.685861074972505e-8,-3.415282930995084e-8,-2.3316365230119386e-8,-1.519227774124464e-8,-9.56345908315866e-9,-5.874932307126371e-9,-3.559963853669258e-9,-2.157664008988936e-9,-1.33269398528245e-9,-8.56515829860274e-10,-5.788644996291303e-10,-4.0133384806268043e-10,-2.563720068663479e-10,-9.138310766308299e-11,1.4336979217674252e-10,5.052099851815558e-10,1.068332317468203e-9,1.934565799388746e-9,3.2467543729437724e-9,5.206384311744951e-9,8.097462768085425e-9,1.2319219360847351e-8,1.8431040532816915e-8,2.7214229430175216e-8,3.975681530620305e-8,5.756985945317783e-8,8.274671168356225e-8,1.1818070925406534e-7,1.6786217249501298e-7,2.3728252357519565e-7,3.339820162128681e-7,4.682872301906648e-7,6.542923311713325e-7,9.111361282025968e-7,1.2645961129956038e-6,1.74892102118821e-6,2.4085816742738956e-6,3.299120937698763e-6,4.485385877657641e-6,6.034033691902717e-6,7.995451446666344e-6,1.0368817952680336e-5,1.304468995052672e-5,1.5725084316939142e-5,1.783336585517206e-5,0.0
0.0,4.250117202139903e-5,6.940291245855036e-5,7.78499858359184e-5,7.273984470384582e-5,6.06906818756117e-5,4.677950228975585e-5,3.3919487982520384e-5,2.3356155738717764e-5,1.5332924221871565e-5,9.595942815255468e-6,5.703638821999702e-6,3.192675129936509e-6,1.6554447990820255e-6,7.67720449737401e-7,2.8999319296412604e-7,5.6243669845341966e-8,-4.190701337281762e-8,-7.078246480123822e-8,-6.84030869956632e-8,-5.4916945971190104e-8,-3.99029548026631e-8,-2.7163311534816457e-8,-1.7640807585132418e-8,-1.1057217263397317e-8,-6.750723164990308e-9,-4.0524082940960695e-9,-2.4207961746199467e-9,-1.463219038997311e-9,-9.130519792132263e-10,-5.960297817561643e-10,-3.993158837495122e-10,-2.471277471952533e-10,-8.257919155337803e-11,1.4585811677173333e-10,4.956369306233182e-10,1.0397336422464238e-9,1.877544900392205e-9,3.148127163234651e-9,5.04747135447813e-9,7.851811703491489e-9,1.194949874286727e-8,1.7884772264921947e-8,2.6417917285739466e-8,3.8607873504367165e-8,5.5925536122934476e-8,8.040892204723328e-8,1.148753256767522e-7,1.6321085047435756e-7,2.307645790554364e-7,3.248832622096261e-7,4.5563218912827357e-7,6.367562446611966e-7,8.869344871712331e-7,1.2313535418785266e-6,1.7035308542985744e-6,2.347086284654991e-6,3.216675098030244e-6,4.376412198249422e-6,5.892727855736761e-6,7.816797740385161e-6,1.015012624784357e-5,1.2787247191503408e-5,1.5435042593549642e-5,1.752188105956329e-5,0.0
0.0,5.014783721132437e-5,8.123952316380488e-5,9.04060985531047e-5,8.388778515648888e-5,6.95943841661265e-5,5.3398023738706075e-5,3.857727641677353e-5,2.648432455264878e-5,1.73426458602063e-5,1.0829068353191718e-5,6.422291836151692e-6,3.586219738411598e-6,1.8537887292464246e-6,8.556155082572078e-7,3.1989232693412674e-7,5.8756870065952844e-8,-5.0141275548794576e-8,-8.148539413079927e-8,-7.802709042082678e-8,-6.235542544815563e-8,-4.516308109415295e-8,-3.065846470877937e-8,-1.9852305170838673e-8,-1.2398478303071593e-8,-7.531815199105988e-9,-4.487635162313798e-9,-2.6500486010518507e-9,-1.5739320815391998e-9,-9.580485383534243e-10,-6.064576467866946e-10,-3.9338923289438696e-10,-2.3578262732171213e-10,-7.307942751535051e-11,1.4760796075034596e-10,4.834823990710609e-10,1.0059204818023933e-9,1.811428520637072e-9,3.0346710592019986e-9,4.8653137806509625e-9,7.570663393731677e-9,1.1526580643956765e-8,1.725991407159672e-8,2.5506809603228728e-8,3.729278880777609e-8,5.40425922438038e-8,7.773063870846986e-8,1.1108679958937732e-7,1.57877331512574e-7,2.23287571375857e-7,3.1444155331576544e-7,4.4110359910933393e-7,6.166158075576325e-7,8.591261218056132e-7,1.1931367624038964e-6,1.6513147041682594e-6,2.276284005211611e-6,3.121650480328017e-6,4.250644506785136e-6,5.729384284980683e-6,7.609917633151109e-6,9.896462966676123e-6,1.2488318789847845e-5,1.5098296889837286e-5,1.7160723832886297e-5,0.0
0.0,5.805596974445578e-5,9.316906163613435e-5,0.00010272147585453954,9.454925182579556e-5,7.792389923686125e-5,5.947535051855154e-5,4.278785173184458e-5,2.9274865552529946e-5,1.9114669909349944e-5,1.190458380543893e-5,7.042184208893423e-6,3.9213870571288255e-6,2.019828332811444e-6,9.270595205089898e-7,3.423757477849547e-7,5.862199210739815e-8,-5.8752298942546564e-8,-9.165303550099961e-8,-8.688076469350539e-8,-6.90823483457719e-8,-4.986623625859422e-8,-3.3756243519881085e-8,-2.179731398168556e-8,-1.3568980346270486e-8,-8.207283630266375e-9,-4.859318999764531e-9,-2.8418730845436633e-9,-1.6629049072730155e-9,-9.904875100451085e-10,-6.096157467124952e-10,-3.832562271492942e-10,-2.2212212339674934e-10,-6.26537545955011e-11,1.4894146307352025e-10,4.692325179574529e-10,9.676272824184798e-10,1.7373102818340816e-9,2.907990512428183e-9,4.662236955969176e-9,7.25735582498537e-9,1.1055220222640131e-8,1.6563198088874758e-8,2.4490388301321748e-8,3.582485730273682e-8,5.193960073293976e-8,7.473771671541208e-8,1.0685101030323821e-7,1.519112570604708e-7,2.1491997796651482e-7,3.027510492523514e-7,4.24830458801938e-7,5.940469412319054e-7,8.279494988507182e-7,1.150266352211711e-6,1.5926985568813633e-6,2.196731733345877e-6,3.014758765959249e-6,4.108964462631469e-6,5.5450514301545054e-6,7.375997563245012e-6,9.609106574066897e-6,1.2149251380249812e-5,1.4716305945096452e-5,1.6751494394170703e-5,0.0
0.0,6.626371520821035e-5,0.00010518034454851414,0.00011472688193762604,0.00010462944783755727,8.558772321927595e-5,6.493706262185126e-5,4.649663265600071e-5,3.1690525817449e-5,2.0624988038315648e-5,1.2807807192218009e-5,7.554813063820655e-6,4.193555480065824e-6,2.1512528972994636e-6,9.810375161232367e-7,3.5710257218360323e-7,5.581276205142454e-8,-6.764190477878208e-8,-1.0116035108898214e-7,-9.485268745592162e-8,-7.501214398523253e-8,-5.395217940586767e-8,-3.641672073432351e-8,-2.3450573281719518e-8,-1.4553351325977663e-8,-8.768095207210052e-9,-5.162327599276829e-9,-2.9934540153653835e-9,-1.7286504944856707e-9,-1.0096133476893388e-9,-6.051267972800785e-10,-3.687098848000519e-10,-2.0598253948120668e-10,-5.109557457256103e-11,1.5018009284883813e-10,4.5339634316849376e-10,9.256411287986734e-10,1.6563772280914688e-9,2.769841105521497e-9,4.4407996322234756e-9,6.915577499022026e-9,1.0540689340920549e-8,1.5802107964544438e-8,2.3379217203359296e-8,3.421892008219477e-8,4.9637326338727874e-8,7.145910344338637e-8,1.0220817932272666e-7,1.4536834055614026e-7,2.0573873540804857e-7,2.899176532238358e-7,4.0695801302422e-7,5.692479579702994e-7,7.936738081087434e-7,1.1031048033057813e-6,1.528165127286202e-6,2.109062264665235e-6,2.8968114565986325e-6,3.952381680798789e-6,5.340935613919274e-6,7.11640834160092e-6,9.289536109924427e-6,1.1771595998617956e-5,1.4290736450960292e-5,1.6296013032853013e-5,0.0
0.0,7.48090192213118e-5,0.00011725052190695081,0.00012633854822931184,0.00011402448575527699,9.249215297819911e-5,6.971121626511962e-5,4.965353885285074e-5,3.3698755705664755e-5,2.185359113114501e-5,1.352707324360293e-5,7.953764387257185e-6,4.399451195456009e-6,2.2465662619728065e-6,1.0169946824625456e-6,3.639724558155748e-7,5.0417073649271474e-8,-7.666772083833715e-8,-1.0987098649978375e-7,-1.0183446004627177e-7,-8.006686106138491e-8,-5.7368467789496826e-8,-3.8606337378057803e-8,-2.479147345277147e-8,-1.533938843264444e-8,-9.207274462558602e-9,-5.392818345884887e-9,-3.102763052506686e-9,-1.7701537008614504e-9,-1.0149503956079547e-9,-5.927790790133236e-10,-3.4964119474463734e-10,-1.8725724806656911e-10,-3.822818741366553e-11,1.5163663072911565e-10,4.3649533467434385e-10,8.807878012990071e-10,1.5698913227780244e-9,2.6221049924335335e-9,4.2037613755127324e-9,6.549324276715123e-9,9.988719444245066e-9,1.4984803326245802e-8,2.2184842254935535e-8,3.249123155335896e-8,4.715855201964102e-8,6.792660999520988e-8,9.720256987727492e-8,1.383099734694246e-7,1.958287248672983e-7,2.7605834388418256e-7,3.876468939483268e-7,5.424384745355386e-7,7.565976239762516e-7,1.0520549452720824e-6,1.4582521437969498e-6,2.0139827051287367e-6,2.7687189532173227e-6,3.782034376340047e-6,5.118404393237584e-6,6.832712004947662e-6,8.939440541445253e-6,1.1357116188833538e-5,1.3823466561915002e-5,1.579632216681225e-5,0.0
0.0,8.372911464371647e-5,0.00012934234028942078,0.00013745612956507272,0.00012262108186779984,9.854209944842708e-5,7.37294770647068e-5,5.221399293762497e-5,3.5272437416179236e-5,2.278493947268078e-5,1.4054011006002477e-5,8.234864304905316e-6,4.537223640294066e-6,2.305120104867292e-6,1.0348480076699573e-6,3.631272137126864e-7,4.2633774949962535e-8,-8.564544241649258e-8,-1.176402482123873e-7,-1.0772303871615628e-7,-8.417779710149249e-8,-6.00715221925581e-8,-4.0298566644168765e-8,-2.580445431512916e-8,-1.591828951459772e-8,-9.520034295045811e-9,-5.548309936236753e-9,-3.1685975719888058e-9,-1.7868915834356494e-9,-1.0063138153991673e-9,-5.725329105293503e-10,-3.260439380053949e-10,-1.659014301354402e-10,-2.3910381835576087e-11,1.536073738186879e-10,4.190525553437267e-10,8.339170348772732e-10,1.4791694851072184e-9,2.4667640056244294e-9,3.954046474632725e-9,6.16285108675429e-9,9.405437091725672e-9,1.4120033873343006e-8,2.0919677224370638e-8,3.0659307581944e-8,4.4527877466540815e-8,6.417464427553183e-8,9.188213390099115e-8,1.30802759508393e-7,1.852821595861634e-7,2.613003741227274e-7,3.6707208180820675e-7,5.138580822225839e-7,7.170472408242942e-7,9.975579368105774e-7,1.3835500733465604e-6,1.912272182416713e-6,2.6314888119969255e-6,3.5991891525128465e-6,4.878989238534365e-6,6.526668464789086e-6,8.560728529003286e-6,1.0907796552830515e-5,1.331658880929854e-5,1.5254687735225566e-5,0.0
0.0,9.305971483345543e-5,0.00014140087820514716,0.00014796069677035014,0.00013029667522532058,0.00010364233524579484,7.692852719605018e-5,5.414003621777526e-5,3.639062529336119e-5,2.340839771880846e-5,1.4383773988974299e-5,8.39628745139779e-6,4.606488245007405e-6,2.327124799917301e-6,1.0349837287239852e-6,3.549440830891908e-7,3.276598746109728e-8,-9.435456299127027e-8,-1.2431918395607244e-7,-1.1242347788527358e-7,-8.728722688235113e-8,-6.20276634111478e-8,-4.1474510762875686e-8,-2.6479336662777678e-8,-1.628483088989723e-8,-9.703867844678986e-9,-5.627727842135851e-9,-3.19060201854471e-9,-1.778842876745866e-9,-9.838137448734862e-10,-5.445229378652507e-10,-2.9801691060685057e-10,-1.419351820817664e-10,-8.0410886805235e-12,1.5636465128137442e-10,4.0158171706571056e-10,7.85887119903695e-10,1.3855623179267323e-9,2.3058705720900644e-9,3.6947044512427233e-9,5.76061856044088e-9,8.797292096163344e-9,1.321704287246762e-8,1.959687438627249e-8,2.8741752521816405e-8,4.177148812993157e-8,6.023990307023875e-8,8.629810226655498e-8,1.2291797052713665e-7,1.7419786463891679e-7,2.457803219886506e-7,3.454216631856309e-7,4.837647406975764e-7,6.753746333127553e-7,9.400907522428845e-7,1.3046991764106894e-6,1.8047786923113611e-6,2.4862229375316717e-6,3.4052396008079226e-6,4.624387117347858e-6,6.200241538664766e-6,8.155538335510912e-6,1.042585163402084e-5,1.2772412126209123e-5,1.4673599563690728e-5,0.0
0.0,0.00010283379335038065,0.00015334966144288706,0.00015771285550020544,0.00013692009436137528,0.00010769924285483372,7.92517581923818e-5,5.54015437997966e-5,3.7039278646517056e-5,2.3718619510261903e-5,1.4515213375572488e-5,8.438617387163624e-6,4.60833418503361e-6,2.3136370381763824e-6,1.0182404595339213e-6,3.40020740998251e-7,2.1209921056173647e-8,-1.0254620739220727e-7,-1.2975962252338396e-7,-1.1585200142558809e-7,-8.935017622655705e-8,-6.321408801165423e-8,-4.2123412969963353e-8,-2.6811577452871032e-8,-1.643748666811821e-8,-9.758599251722746e-9,-5.631422388459608e-9,-3.1692716547962495e-9,-1.746486412493908e-9,-9.478525993126365e-10,-5.090561808226847e-10,-2.65763463241509e-10,-1.1544492617312976e-10,9.43698391251416e-12,1.6014973050490169e-10,3.845762068518572e-10,7.375490110876201e-10,1.2904317136826474e-9,2.141516642935297e-9,3.428867372681841e-9,5.347234776443314e-9,8.170978397005082e-9,1.2285460063736274e-8,1.82301799774319e-8,2.6758064575820208e-8,3.8916893642964584e-8,5.616102116271522e-8,8.050451499093433e-8,1.147309188849348e-7,1.626804407557091e-7,2.296429811348831e-7,3.2289536762290786e-7,4.5243286632150163e-7,6.319549969967209e-7,8.801630947110093e-7,1.222385787396376e-6,1.6924149201671713e-6,2.3341134736502052e-6,3.201703370880372e-6,4.356460544426777e-6,5.8556039171784555e-6,7.726247612763562e-6,9.913735115144648e-6,1.2193462771760337e-5,1.405577033095602e-5,0.0
0.0,0.00011307978224740049,0.00016508606521545754,0.00016655112782376372,0.00014235292190960404,0.00011062312899556023,8.065124914382582e-5,5.597751388157008e-5,3.721196166434938e-5,2.3715864208883725e-5,1.4450984546446456e-5,8.364854584687947e-6,4.545295588853291e-6,2.266524030623011e-6,9.85878321095386e-7,3.191524865132733e-7,8.439584075521412e-9,-1.0995286111823991e-7,-1.338199948850367e-7,-1.1793929383684305e-7,-9.033617783820904e-8,-6.361974847068752e-8,-4.2243066464729945e-8,-2.6802439802396275e-8,-1.6378485559353085e-8,-9.686391645331735e-9,-5.561158877523007e-9,-3.1059385945401366e-9,-1.6907885252464796e-9,-8.991155861697574e-10,-4.666058708647705e-10,-2.2958832587503313e-10,-8.658322184380709e-11,2.853487589191412e-11,1.6516619161135605e-10,3.6849824388323665e-10,6.89730140197122e-10,1.195127577121637e-9,1.9758009105434542e-9,3.159704277410402e-9,4.927392441785384e-9,7.533347992022563e-9,1.133518425738875e-8,1.6833774602253615e-8,2.4728419445727874e-8,3.599263522548632e-8,5.1978176449411436e-8,7.455768938663556e-8,1.0632024268163672e-7,1.5083930624647493e-7,2.130400811443722e-7,2.9970286726654156e-7,4.201510908799189e-7,5.87183831350686e-7,8.183136763369477e-7,1.1373377258930961e-6,1.5761528882644967e-6,2.1764371600853963e-6,2.9902173665652703e-6,4.077235639829022e-6,5.495140585851377e-6,7.2754828018676165e-6,9.374149433822391e-6,1.1582484074175283e-5,1.3404132755417164e-5,0.0
0.0,0.00012381895336320746,0.0001764759180162642,0.000174290796229301,0.0001464517371396597,0.00011233116519826038,8.109001391479149e-5,5.585739361167341e-5,3.6910478863167094e-5,2.340622642596862e-5,1.4197577415928273e-5,8.180368400331921e-6,4.421285546387763e-6,2.1884047948407275e-6,9.395348551023819e-7,2.933022810208495e-7,-5.01207767555131e-9,-1.1629967468405837e-7,-1.3637172073980243e-7,-1.1863388466843936e-7,-9.023093935728063e-8,-6.32461016559293e-8,-4.184010304413547e-8,-2.645907020148109e-8,-1.6113802288328835e-8,-9.491711583135404e-9,-5.420079803681191e-9,-3.002740411836841e-9,-1.6131797505873348e-9,-8.385546690665414e-10,-4.178011947371714e-10,-1.8989174226708735e-10,-5.556737700452543e-11,4.9216403783699744e-11,1.715738557775762e-10,3.537683397773734e-10,6.432181644909164e-10,1.1009639509606172e-9,1.8107946682008973e-9,2.8903731379559277e-9,4.5058020089062434e-9,6.891318488768814e-9,1.0376256234433453e-8,1.5422099210661226e-8,2.2673432855209624e-8,3.302796249782991e-8,4.7732651170439995e-8,6.851562569105137e-8,9.776710240499487e-8,1.387876139150055e-7,1.9612883195383347e-7,2.7606182943196697e-7,3.872196735818067e-7,5.414735365567219e-7,7.55105817609434e-7,1.0503187593027e-6,1.457017297139415e-6,2.014547939499841e-6,2.772530731225625e-6,3.7888977215378676e-6,5.1214501823367734e-6,6.8061278817881775e-6,8.810056073133357e-6,1.0942435109939065e-5,1.2721834596340435e-5,0.0
0.0,0.0001350616515907702,0.00018734724669695408,0.00018072349445931882,0.00014907144701078033,0.00011275100165507524,8.054447980246003e-5,5.504239011830617e-5,3.6145408879286054e-5,2.2801758075297154e-5,1.3765261976663137e-5,7.892790699063946e-6,4.241493308385731e-6,2.082569755177857e-6,8.811689573293895e-7,2.635646025534401e-7,-1.8574948426156582e-8,-1.213169386424484e-7,-1.3730591335519864e-7,-1.1790548746106901e-7,-8.903785117209295e-8,-6.210769059146483e-8,-4.093014601572266e-8,-2.5794477148804064e-8,-1.5653082119127545e-8,-9.181250128287425e-9,-5.212639847052703e-9,-2.8625720301904465e-9,-1.515521378720388e-9,-7.673663596314744e-10,-3.6341312915640293e-10,-1.4716103848260977e-10,-2.2677690039727847e-11,7.13994473045077e-11,1.7948330935735154e-10,3.407552620166092e-10,5.987449137574968e-10,1.009194893128197e-9,1.6485067563993996e-9,2.623970916635225e-9,4.087121406855637e-9,6.25177510354655e-9,9.418722930163006e-9,1.400966779296553e-8,2.0613903231828812e-8,3.005248111714952e-8,4.346635070848036e-8,6.24373515408361e-8,8.915429002728248e-8,1.2664104326131538e-7,1.7907029122677822e-7,2.521957182809891e-7,3.5394755773592594e-7,4.95249506913388e-7,6.91122333563474e-7,9.621220571005313e-7,1.3360774528868022e-6,1.8498676243900048e-6,2.550495302466226e-6,3.4937839499201777e-6,4.73734372401729e-6,6.321332181064193e-6,8.22468696857286e-6,1.0276488724490796e-5,1.2012231016644653e-5,0.0
0.0,0.00014680191400394074,0.0001974831551828368,0.00018561794177032617,0.00015006994431373465,0.00011182507784409419,7.900713318476065e-5,5.3546700764119474e-5,3.49364949009987e-5,2.1920462937094566e-5,1.316794210273299e-5,7.511850413034301e-6,4.012246241472554e-6,1.952880629439994e-6,8.129944981832962e-7,2.311243007678859e-7,-3.16656409059566e-8,-1.247532670707866e-7,-1.3654013519058907e-7,-1.1574814971553985e-7,-8.677926309573064e-8,-6.023252766057895e-8,-3.953781499544256e-8,-2.482740771354718e-8,-1.5009498585204818e-8,-8.763801796928552e-9,-4.94451498667947e-9,-2.6890220019364146e-9,-1.400062668031966e-9,-6.869638397816533e-10,-3.043366282381602e-10,-1.0195989673433178e-10,1.1754258847982706e-11,9.495001950844756e-11,1.8895089489304783e-10,3.2976672116701377e-10,5.569708388540383e-10,9.209905084789955e-10,1.4908481258407703e-9,2.3634824005158775e-9,3.6758832710960067e-9,5.621468212004424e-9,8.47249428030504e-9,1.2610868485746074e-8,1.8570536622199773e-8,2.7095773719495657e-8,3.922128290562377e-8,5.638220870962205e-8,8.056525441556644e-8,1.1451647214684654e-7,1.6202755884771688e-7,2.2833134909463484e-7,3.2064907348551105e-7,4.4894571730756585e-7,6.269596926515024e-7,8.735626011889178e-7,1.2144377028453003e-6,1.6838744674011752e-6,2.326053243644869e-6,3.1943725389276984e-6,4.345840085578718e-6,5.824516920263971e-6,7.6215576805128495e-6,9.58802971304919e-6,1.1278873763013683e-5,0.0
0.0,0.00015900981657396596,0.00020661392950320284,0.00018872236335017566,0.00014931435105451619,0.00010951561528884048,7.648923493171829e-5,5.139858233711431e-5,3.33128473656719e-5,2.0786145470535165e-5,1.2422913131756139e-5,7.049150263705855e-6,3.7408393626710454e-6,1.8036533013943e-6,7.374056839026929e-7,1.972118218239883e-7,-4.37126603260575e-8,-1.2638899789442468e-7,-1.3402492948795966e-7,-1.1218307349501126e-7,-8.34974648873867e-8,-5.766225278104784e-8,-3.7696574221663625e-8,-2.358212125279709e-8,-1.4199546263500876e-8,-8.250103675260116e-9,-4.622487723273853e-9,-2.486294665886093e-9,-1.2693897345022574e-9,-5.989440216182409e-10,-2.4156955599050805e-10,-5.491666173426363e-11,4.736612346502329e-11,1.1967053049833614e-10,1.9997483394617998e-10,3.2104105013873916e-10,5.184702898496343e-10,8.374135925350033e-10,1.3395966376760414e-9,2.1117286409025585e-9,3.2764207401813227e-9,5.006907845576772e-9,7.547194518098936e-9,1.1239755373757022e-8,1.6563656724992773e-8,2.418699781010117e-8,3.5039002441303855e-8,5.040908775385111e-8,7.208304998843429e-8,1.0253053634601449e-7,1.451638085724861e-7,2.046962067156575e-7,2.876402991476055e-7,4.029998145685861e-7,5.632214552418841e-7,7.854685451136823e-7,1.0932263387313217e-6,1.5180895217534033e-6,2.1012215986629165e-6,2.8932680548886268e-6,3.950157538368301e-6,5.3193800604233745e-6,7.004483199274727e-6,8.880654567258816e-6,1.052549646069408e-5,0.0
0.0,0.00017162061544597265,0.00021440863997258613,0.0001897693258716141,0.000146689107044736,0.00010581022062141978,7.302347019564033e-5,4.864116618897714e-5,3.131291455129378e-5,1.9428099117181447e-5,1.155052203401854e-5,6.5178890961826365e-6,3.43533656222724e-6,1.6395270485278383e-6,6.568965316788127e-7,1.6305630450843295e-7,-5.418192282583112e-8,-1.2604930990657357e-7,-1.29749859369984e-7,-1.0726097734817826e-7,-7.925531563785997e-8,-5.4452047442838885e-8,-3.544842088635782e-8,-2.2088062552206976e-8,-1.3242772251533286e-8,-7.652638077934856e-9,-4.254311009476067e-9,-2.2591200194769816e-9,-1.1263673140447162e-9,-5.050502387944573e-10,-1.7618895236234931e-10,-6.714217677001442e-12,8.375791556325504e-11,1.453191486599246e-10,2.1249393215943263e-10,3.147401377075325e-10,4.837179776625172e-10,7.593973913491364e-10,1.1963627993067824e-9,1.871315939702118e-9,2.892793089045928e-9,4.414256806104617e-9,6.6520101181827936e-9,9.909833851605597e-9,1.4612903770314967e-8,2.1354465411566182e-8,3.096002647579709e-8,4.4575618523703444e-8,6.37892187904839e-8,9.079808990252923e-8,1.2864017312356362e-7,1.815155484299003e-7,2.552351057963976e-7,3.578477423359072e-7,5.005110219816221e-7,6.986715468545979e-7,9.735829687677896e-7,1.3540607308318793e-6,1.8780735684089387e-6,2.5931823405699463e-6,3.5537005819950916e-6,4.809898875041354e-6,6.377597452850158e-6,8.158175024310268e-6,9.75599506232902e-6,0.0
0.0,0.00018451935461150036,0.00022046681632045958,0.0001884839472017202,0.00014210613323244485,0.00010072794627817267,6.866635534450002e-5,4.533291725436253e-5,2.8984180222603706e-5,1.788062474938699e-5,1.0573733000896888e-5,5.932535658338605e-6,3.1043488606964464e-6,1.465324066812428e-6,5.739770653709633e-7,1.298381178962881e-7,-6.260170822046737e-8,-1.2361657703615453e-7,-1.2374880607596932e-7,-1.010638889839692e-7,-7.413648081759965e-8,-5.0670294489059894e-8,-3.2843415473517545e-8,-2.0379439877031477e-8,-1.2161451838138903e-8,-6.9854031295539974e-9,-3.848554041891952e-9,-2.012653425148485e-9,-9.74074725863491e-10,-4.0713139264518816e-10,-1.0932549334398355e-10,4.1950573196020437e-11,1.2047742226247098e-10,1.7161023806698915e-10,2.2638703672324242e-10,3.109437754439823e-10,4.530769782191695e-10,6.877250141908042e-10,1.0625571951335666e-9,1.6445864383581578e-9,2.5287126300971027e-9,3.849224329824705e-9,5.7955369703451556e-9,8.633842978928071e-9,1.2736926780340508e-8,1.8625210457981176e-8,2.70232294200789e-8,3.8937326837068284e-8,5.5762619441458784e-8,7.94305838292315e-8,1.1261350548722595e-7,1.5900932062051904e-7,2.2374092244213254e-7,3.1391794592586234e-7,4.3942374731440925e-7,6.13996134844747e-7,8.566444080985136e-7,1.193344747394414e-6,1.6587163732761426e-6,2.296910633645493e-6,3.160041204796556e-6,4.3003294156752875e-6,5.745377731525243e-6,7.424628828489014e-6,8.974402091239378e-6,0.0
0.0,0.00019751904015638275,0.0002243112815014286,0.00018459671002964752,0.00013551721535025234,9.432554799260174e-5,6.350018264743068e-5,4.15476318967338e-5,2.6382555313479756e-5,1.6182377230887812e-5,9.517605871757497e-6,5.308462063439405e-6,2.75679615171849e-6,1.2859036672942464e-6,4.910889687495539e-7,9.864242821931205e-8,-6.858617622661773e-8,-1.1904152726495109e-7,-1.1610431062069053e-7,-9.370628373195611e-8,-6.824525262242063e-8,-4.639798368339798e-8,-2.993906194058321e-8,-1.8494716655103656e-8,-1.0980215599291846e-8,-6.263656567591289e-9,-3.414433532243374e-9,-1.7523674906025932e-9,-8.15737462583899e-10,-3.070986000633528e-10,-4.2140053345560977e-11,9.038733235128905e-11,1.570287145883333e-10,1.982179368328099e-10,2.414737273214716e-10,3.096456186092579e-10,4.267886397392463e-10,6.230110543572506e-10,9.393604217626133e-10,1.4335714468901627e-9,2.187474460987351e-9,3.3169624625074937e-9,4.985629714999587e-9,7.423538783632018e-9,1.0953074523472793e-8,1.6024551029089032e-8,2.3265226296217145e-8,3.354676990876833e-8,4.807821967282022e-8,6.853438529145077e-8,9.723404567204544e-8,1.3738892771338755e-7,1.9345427215947977e-7,2.7162522212810763e-7,3.8053849967847863e-7,5.322482041245221e-7,7.435291890106209e-7,1.0374865529698393e-6,1.445265647771355e-6,2.007302499949067e-6,2.7728936083217534e-6,3.795201676227627e-6,5.112675257207813e-6,6.684302768016966e-6,8.184852728341965e-6,0.0
0.0,0.00021032964912991704,0.00022538406955892117,0.00017786240251288344,0.00012692858630771584,8.670354173177233e-5,5.763424647673767e-5,3.737387543260082e-5,2.357144325396107e-5,1.4375547052777391e-5,8.408699696609374e-6,4.661547430333903e-6,2.401659768965017e-6,1.1060157760760982e-6,4.1052344637789216e-7,7.041537456563827e-8,-7.185671080837139e-8,-1.1235284278248416e-7,-1.0695078617890611e-7,-8.533551509749835e-8,-6.170594823802035e-8,-4.172787388575692e-8,-2.6799551434490905e-8,-1.6476028594682887e-8,-9.725636712895078e-9,-5.503638818402732e-9,-2.9616344132109102e-9,-1.4839385784837738e-9,-6.546559087467606e-10,-2.0688062583041965e-10,2.4207799985535076e-11,1.3790056671807858e-10,1.9290433165933763e-10,2.247828365457537e-10,2.5751647855230467e-10,3.107509654201346e-10,4.0496475717608803e-10,5.656859890638926e-10,8.276963696009599e-10,1.2399487219841583e-9,1.8718907580228153e-9,2.821967499307273e-9,4.229256479169345e-9,6.289482934044068e-9,9.277091167617504e-9,1.3575654558853768e-8,1.9719755656389804e-8,2.8452665295060965e-8,4.080587228089342e-8,5.820906386577963e-8,8.264302853932587e-8,1.1685390099005186e-7,1.6465614246055394e-7,2.313642974368635e-7,3.2440877668281405e-7,4.5420277826131104e-7,6.353208483018371e-7,8.879970262576853e-7,1.2398164117130375e-6,1.7272272796811114e-6,2.3960813323457587e-6,3.2993087505381413e-6,4.484752893627767e-6,5.941775371506288e-6,7.391539947195293e-6,0.0
0.0,0.0002225140224005861,0.00022304872078208305,0.00016808697685573133,0.00011641739683998123,7.801150223829897e-5,5.120507147555365e-5,3.291377778205186e-5,2.0620476054293556e-5,1.2504894214081677e-5,7.274418540947031e-6,4.0077641108958996e-6,2.0477338033062386e-6,9.301584212267609e-7,3.343439227300145e-7,4.592905100877227e-8,-7.226522959920866e-8,-1.0366491152530518e-7,-9.647647868467219e-8,-7.613151914254666e-8,-5.466190068224329e-8,-3.676343341583269e-8,-2.3494888781272813e-8,-1.4368540757899872e-8,-8.425788549325014e-9,-4.722281908062677e-9,-2.5001240822931496e-9,-1.2131303991444277e-9,-4.941327885261892e-10,-1.0838066280106437e-10,8.865071830776962e-11,1.8374733325276845e-10,2.2759146227932878e-10,2.5091929183630264e-10,2.7422436227941353e-10,3.1407658551911395e-10,3.8758240550243186e-10,5.159839649281985e-10,7.282097464382838e-10,1.0650049785597609e-9,1.5842314269132754e-9,2.3679890257047714e-9,3.532362524306583e-9,5.240841618139482e-9,7.722823264221718e-9,1.1299115072244507e-8,1.641707439485285e-8,2.3699030109237034e-8,3.4009097218020455e-8,4.85456756515216e-8,6.897027433766134e-8,9.758852352191619e-8,1.3760726574960995e-7,1.9350323643386038e-7,2.715535102107313e-7,3.8059121198129005e-7,5.330502073986374e-7,7.463286947676684e-7,1.0444107789498994e-6,1.4595338573755762e-6,2.0334956395292737e-6,2.817687598247668e-6,3.867330339343687e-6,5.201989895012447e-6,6.598654734518059e-6,0.0
0.0,0.00023342489581314036,0.00021660445809842553,0.0001551642546576315,0.0001041493081675147,6.845187462773672e-5,4.437536412391743e-5,2.8281137200934457e-5,1.7603940070091833e-5,1.0616662193869298e-5,6.1423209559095376e-6,3.362760304018492e-6,1.7033833185324533e-6,7.624437222526413e-7,2.6431557290781265e-7,2.5754964530992375e-8,-6.9817556619892e-8,-9.318298861973689e-8,-8.492410841143423e-8,-6.630581233268988e-8,-4.727407675687184e-8,-3.161759026633032e-8,-2.009992584153179e-8,-1.2219761257910835e-8,-7.10978342321816e-9,-3.936910935739693e-9,-2.0399641783132225e-9,-9.456770099439057e-10,-3.3740102453158293e-10,-1.3442365392998468e-11,1.5017769254179434e-10,2.2722367055505595e-10,2.6058509854747986e-10,2.7622399583186764e-10,2.912585204217795e-10,3.193529489281214e-10,3.744819421293512e-10,4.739346919470684e-10,6.412488559612227e-10,9.096050491526997e-10,1.3261730834233619e-9,1.957949291935182e-9,2.8997465902752265e-9,4.28519985532957e-9,6.301945258408644e-9,9.212552335039522e-9,1.3383378000635569e-8,1.9324349046989788e-8,2.7743895155806655e-8,3.962507980858338e-8,5.6331809113041013e-8,7.975847554814972e-8,1.1254339748971399e-7,1.5837679941159292e-7,2.2244772223744835e-7,3.120880483752837e-7,4.37676920260727e-7,6.13849995205986e-7,8.610026994177671e-7,1.2070047234020395e-6,1.6890439915066899e-6,2.355588174966297e-6,3.2666357999034006e-6,4.470372746088263e-6,5.81030587266138e-6,0.0
0.0,0.00024211466667647472,0.0002053212972170552,0.0001391242113592859,9.039577498838205e-5,5.828141748021808e-5,3.733144686856439e-5,2.3598828334461742e-5,1.4598935121374938e-5,8.757410039124793e-6,5.039417916005906e-6,2.7414535582829423e-6,1.376317429727951e-6,6.064765350225045e-7,2.0184326470178847e-7,1.0218204762235888e-8,-6.466783996552001e-8,-8.120514082911474e-8,-7.259022944866377e-8,-5.6099841204894793e-8,-3.971937509746542e-8,-2.64113326127869e-8,-1.669332967160364e-8,-1.0078829615174285e-8,-5.807303664318577e-9,-3.16494455534531e-9,-1.591123455157422e-9,-6.871673183049794e-10,-1.8755338674608307e-10,7.627776400049196e-11,2.0778159485933716e-10,2.6767417186390917e-10,2.914013965646487e-10,3.002862306808126e-10,3.082399408737458e-10,3.2622949550804724e-10,3.6536896277439094e-10,4.3936042909831406e-10,5.668548944950918e-10,7.741693527344046e-10,1.0987585824344925e-9,1.5938759284025731e-9,2.334954037897318e-9,3.428396860294432e-9,5.023711248761326e-9,7.330243539502887e-9,1.0640260861420839e-8,1.5360791307927132e-8,2.205762011571394e-8,3.1516325433839373e-8,4.482756706734149e-8,6.350757185083634e-8,8.967069043935894e-8,1.2627988436494033e-7,1.7751321645293398e-7,2.4929778202660524e-7,3.500706231975559e-7,4.918184633620353e-7,6.914201831944832e-7,9.723045058985863e-7,1.3665875125708718e-6,1.9184266631549295e-6,2.689460699573528e-6,3.753018728023855e-6,5.030411743233702e-6,0.0
0.0,0.000247205544133292,0.0001885107991722961,0.00012019366679731267,7.554869214618077e-5,4.780930735464799e-5,3.027902044756233e-5,1.8995570493686875e-5,1.1683336095641426e-5,6.972809149441144e-6,3.991486056992782e-6,2.1576495691027244e-6,1.0733846069420758e-6,4.6524935877668116e-7,1.4792076171454008e-7,-6.222727130084878e-10,-5.7128173615766396e-8,-6.812259856807827e-8,-5.982346245676768e-8,-4.578277666709657e-8,-3.2188673255119226e-8,-2.1272207141127147e-8,-1.3356516109253153e-8,-7.995798319903485e-9,-4.5481358644564485e-9,-2.4236002207317115e-9,-1.1632946604542604e-9,-4.4293300396900734e-10,-4.748306422573685e-11,1.5931295765113451e-10,2.6053300288144257e-10,3.0451063391932105e-10,3.19593122448345e-10,3.22700768629698e-10,3.2476055507366717e-10,3.3428404479516106e-10,3.5982142539748153e-10,4.1187944809291427e-10,5.047594110113039e-10,6.586616935547129e-10,9.023696627593023e-10,1.276851346825913e-9,1.8401912429322847e-9,2.67438847461536e-9,3.894741194512245e-9,5.662798770636573e-9,8.204232092018167e-9,1.1833497745602193e-8,1.6987940607777348e-8,2.4275149423060692e-8,3.4539231034094466e-8,4.895466883244124e-8,6.916127261253622e-8,9.746120268278016e-8,1.3710951281222126e-7,1.927418143227563e-7,2.7099207774515234e-7,3.813533709831589e-7,5.373256240015277e-7,7.579234259541e-7,1.0698665492383286e-6,1.5117174314977332e-6,2.143209885193497e-6,3.0569730317472578e-6,4.262554102401059e-6,0.0
0.0,0.00024670185474913784,0.00016565611082979418,9.886794880260262e-5,6.012899755193528e-5,3.739097828382713e-5,2.343724298656779e-5,1.4602180601720909e-5,8.933649360148524e-6,5.306457148442108e-6,3.0224234128388856e-6,1.62369973654063e-6,8.003965728411389e-7,3.410563321672266e-7,1.0309206004327031e-7,-6.987296695060432e-9,-4.76731245602835e-8,-5.4418298456033136e-8,-4.702175935294862e-8,-3.564887230328888e-8,-2.4884705807633805e-8,-1.6332768170332562e-8,-1.017258119066447e-8,-6.020926133306696e-9,-3.361718648402739e-9,-1.7296092866493322e-9,-7.657179163197502e-10,-2.1794142481362526e-10,8.024928188530065e-11,2.3432393673466674e-10,3.0764396890599624e-10,3.372361226691146e-10,3.4476867471299173e-10,3.430848117472579e-10,3.4039907253554347e-10,3.430378137640304e-10,3.5730349550685735e-10,3.9091767076702793e-10,4.5439184819077887e-10,5.625896522598578e-10,7.367154847889943e-10,1.0069823623828957e-9,1.4162658683673683e-9,2.02514285743601e-9,2.9188499850113687e-9,4.216891794250314e-9,6.086302820072535e-9,8.759960311383429e-9,1.2561919891253987e-8,1.7942627849641585e-8,2.5528270227572615e-8,3.619082370744273e-8,5.114914402781301e-8,7.211734961675908e-8,1.015252510177397e-7,1.4284591828566205e-7,2.0107475071174843e-7,2.834084221152614e-7,4.0017502019419264e-7,5.66116470702176e-7,8.024138636246047e-7,1.1409773152376507e-6,1.6359331619137073e-6,2.390651499588283e-6,3.5097808021680732e-6,0.0
0.0,0.00023771753961447165,0.00013663888558014702,7.598743645164589e-5,4.478473394508319e-5,2.741702873740186e-5,1.7031312046348793e-5,1.0547504688555166e-5,6.422873863070509e-6,3.7987633390370078e-6,2.1536733920386894e-6,1.1502092036617672e-6,5.619858398556232e-7,2.3542826282610851e-7,6.742531597408319e-8,-9.384587965100192e-9,-3.6939820916763685e-8,-4.066368467549612e-8,-3.462889281092257e-8,-2.6014528852211392e-8,-1.801986661361605e-8,-1.1729035459610807e-8,-7.225264880585418e-9,-4.204002328165885e-9,-2.2767147307205337e-9,-1.0989477099424565e-9,-4.070142232813035e-10,-1.6702242329322205e-11,1.9353618523223075e-10,3.000993434066606e-10,3.484934110146309e-10,3.654718519900993e-10,3.6661535786601416e-10,3.6109976723508235e-10,3.547423816304613e-10,3.519769154193399e-10,3.571870635388133e-10,3.757295615165509e-10,4.1489845815277877e-10,4.850191918180147e-10,6.008391810197181e-10,7.833928938859173e-10,1.0625569542147598e-9,1.480574932214378e-9,2.0969270988987145e-9,2.9950570701890784e-9,4.2916603147095e-9,6.14951548954129e-9,8.795245917057296e-9,1.254402384830407e-8,1.7834235707659924e-8,2.5276790847256032e-8,3.572651212301096e-8,5.038743904125787e-8,7.09703035827937e-8,9.992855595214043e-8,1.4080732200867028e-7,1.9874521052699856e-7,2.8117707682016285e-7,3.9883948703482124e-7,5.6745572453608e-7,8.115951570661924e-7,1.1763137097627575e-6,1.7644562614872128e-6,2.774341118472888e-6,0.0
0.0,0.00021607898318696034,0.00010212203151649987,5.280427608120017e-5,3.0273382652892977e-5,1.8297082236553184e-5,1.1283970726413123e-5,6.954281058496756e-6,4.2184854932606415e-6,2.485958057502151e-6,1.4037394850180985e-6,7.458046614041843e-7,3.615003727328578e-7,1.4908969679159165e-7,4.049934486945055e-8,-8.609297739238148e-9,-2.5724233176062343e-8,-2.751402620149324e-8,-2.3130407160200354e-8,-1.7215228914433383e-8,-1.1814040099718693e-8,-7.599025507286686e-9,-4.597986431142652e-9,-2.593724931803995e-9,-1.3206216094131001e-9,-5.465924835617445e-10,-9.503721835185745e-11,1.569671219824191e-10,2.9051358385427814e-10,3.55722033374577e-10,3.8266261034032283e-10,3.889847850294294e-10,3.849240417012276e-10,3.76475105428756e-10,3.6740985799310006e-10,3.6057779293801617e-10,3.58778535898433e-10,3.654260765662806e-10,3.8517067252250414e-10,4.2460194837730197e-10,4.931414437166522e-10,6.042395554847623e-10,7.770157608130432e-10,1.0385221321229866e-9,1.4268716779362424e-9,1.9955610504173664e-9,2.8194415950194054e-9,4.002970814055883e-9,5.691639127485547e-9,8.087872968846064e-9,1.1473372566504847e-8,1.6240939838488473e-8,2.2940686836027113e-8,3.234847592657141e-8,4.5568848048635554e-8,6.419040968386234e-8,9.051764802001613e-8,1.2790821799119383e-7,1.812533526100586e-7,2.5768386008398023e-7,3.678022580680382e-7,5.286598147608796e-7,7.735733359514029e-7,1.1916645268425007e-6,2.057334002107797e-6,0.0
0.0,0.00017574456528726782,6.417894512990507e-5,3.101000013680037e-5,1.74237498366734e-5,1.0439372247960076e-5,6.406594035375869e-6,3.9352247897596675e-6,2.380660739170465e-6,1.3992717099968905e-6,7.878084036996044e-7,4.169682777853632e-7,2.0093718042454592e-7,8.19380953841727e-8,2.1402184601869674e-8,-5.7383145115108154e-9,-1.4974319148281573e-8,-1.5702641697566562e-8,-1.3049315250481183e-8,-9.602531926435794e-9,-6.492583588488364e-9,-4.081433923196303e-9,-2.373001449089783e-9,-1.2371661076588632e-9,-5.194444141359678e-10,-8.63243914421016e-11,1.632602713870554e-10,2.99992875475898e-10,3.696154399472645e-10,4.005891749294564e-10,4.0995628401585266e-10,4.0770316504290243e-10,3.996026372876506e-10,3.890219760997329e-10,3.780685419806507e-10,3.6832488872724045e-10,3.6133959599691163e-10,3.5899882453965914e-10,3.6387261643878314e-10,3.7960553812826127e-10,4.1141227421845487e-10,4.667422835287993e-10,5.561908557028946e-10,6.94756747605538e-10,9.035808082607399e-10,1.2123490028057842e-9,1.6626125567879462e-9,2.3123772058122493e-9,3.24246022296443e-9,4.565341246945544e-9,6.437602560139283e-9,9.077675134828563e-9,1.2791652618599877e-8,1.8011637898875373e-8,2.5353649211460065e-8,3.5705497090106714e-8,5.0358731999302986e-8,7.120219358920922e-8,1.0100077656947196e-7,1.4381192641141093e-7,2.0572993651938396e-7,2.9674190558213353e-7,4.3723140112724495e-7,6.896954281854369e-7,1.3582467696490336e-6,0.0
0.0,0.00010795589966208568,2.7304572048177204e-5,1.2672450951701999e-5,7.075470339548077e-6,4.227967667010419e-6,2.5906910490166277e-6,1.5896259863737772e-6,9.608411731672097e-7,5.643189570454655e-7,3.17493473987163e-7,1.6794094071799203e-7,8.091496223758034e-8,3.304429858231576e-8,8.740741934845204e-9,-2.1189693060659317e-9,-5.7808018804252095e-9,-6.034547832845874e-9,-4.941891532364104e-9,-3.5413623228528014e-9,-2.284612932619803e-9,-1.3145678610471944e-9,-6.307462182941197e-10,-1.7937069861548503e-10,1.0253536040484023e-10,2.694425512187376e-10,3.6224224587001425e-10,4.095089595045401e-10,4.29733604216708e-10,4.344014982222588e-10,4.3038018069915853e-10,4.21688908453189e-10,4.1064708366080184e-10,3.98605484732251e-10,3.8640864403362937e-10,3.7469083297169557e-10,3.6407322608043194e-10,3.5531286201851023e-10,3.494414163021237e-10,3.4792185034653496e-10,3.528473147987147e-10,3.672080666438615e-10,3.95257469620165e-10,4.430173303873789e-10,5.189765856396345e-10,6.350570568354673e-10,8.079478483738628e-10,1.0609498580823078e-9,1.426530832074427e-9,1.9498828616663465e-9,2.693923171361488e-9,3.746429743930395e-9,5.230427016854757e-9,7.319629011825357e-9,1.0261793592993848e-8,1.441423244879049e-8,2.029725500713717e-8,2.867278437657701e-8,4.0657978117018944e-8,5.7895728997642675e-8,8.2860990600231e-8,1.1962977930120903e-7,1.7662060231792407e-7,2.8189480117244626e-7,6.743604747681859e-7,0.0
0.0,0.0,0.0,0.0,0.0,0.0,0.0,0.0,0.0,0.0,0.0,0.0,0.0,0.0,0.0,0.0,0.0,0.0,0.0,0.0,0.0,0.0,0.0,0.0,0.0,0.0,0.0,0.0,0.0,0.0,0.0,0.0,0.0,0.0,0.0,0.0,0.0,0.0,0.0,0.0,0.0,0.0,0.0,0.0,0.0,0.0,0.0,0.0,0.0,0.0,0.0,0.0,0.0,0.0,0.0,0.0,0.0,0.0,0.0,0.0,0.0,0.0,0.0,0.0,0.0,0.0
